account number,name,sku,category,quantity,unit price,ext price,Tax rate,Tax amount,date
296809,Carroll PLC,QN-82852,Belt,13,44.48,578.24,0.07,40.4768,2014-09-27 07:13:03
98022,Heidenreich-Bosco,MJ-21460,Shoes,19,53.62,1018.78,0.07,71.3146,2014-07-29 02:10:44
563905,"Kerluke, Reilly and Bechtelar",AS-93055,Shirt,12,24.16,289.92,0.07,20.2944,2014-03-01 10:51:24
93356,Waters-Walker,AS-93055,Shirt,5,82.68,413.4,0.07,28.938,2013-11-17 20:41:11
659366,Waelchi-Fahey,AS-93055,Shirt,18,99.64,1793.52,0.07,125.5464,2014-01-03 08:14:27
563905,"Kerluke, Reilly and Bechtelar",AS-93055,Shirt,17,52.82,897.94,0.07,62.8558,2013-12-04 02:07:05
995267,Cole-Eichmann,GS-86623,Shoes,18,15.28,275.04,0.07,19.2528,2014-04-09 16:15:03
524021,Hegmann and Sons,LL-46261,Shoes,7,78.78,551.46,0.07,38.6022,2014-06-18 19:25:10
929400,"Senger, Upton and Breitenberg",LW-86841,Shoes,17,38.19,649.23,0.015,9.73845,2014-02-10 05:55:56
563905,"Kerluke, Reilly and Bechtelar",KV-99194,Shirt,12,26.98,323.76,0.015,4.8564,2014-05-20 00:21:28
995267,Cole-Eichmann,KV-99194,Shirt,19,60.22,1144.18,0.015,17.1627,2014-03-10 06:23:31
524021,Hegmann and Sons,QN-82852,Belt,6,13.12,78.72,0.015,1.1808,2013-11-03 18:38:16
758133,"Kihn, McClure and Denesik",LL-46261,Shoes,4,59.69,238.76,0.015,3.5814,2014-01-11 21:48:28
555594,"Ernser, Cruickshank and Lind",FK-71853,Shirt,12,97.25,1167,0.015,17.505,2014-09-19 13:20:00
201259,Koelpin PLC,GS-86623,Shoes,9,81.44,732.96,0.015,10.9944,2014-08-12 08:05:27
93356,Waters-Walker,LL-46261,Shoes,18,53.33,959.94,0.015,14.3991,2014-07-15 23:21:11
563905,"Kerluke, Reilly and Bechtelar",KV-99194,Shirt,4,35.62,142.48,0.015,2.1372,2014-10-05 23:38:16
201259,Koelpin PLC,KV-99194,Shirt,17,98.23,1669.91,0.015,25.04865,2014-01-26 01:52:36
758133,"Kihn, McClure and Denesik",WJ-02096,Belt,15,69.52,1042.8,0.015,15.642,2013-11-13 21:38:46
296809,Carroll PLC,VG-32047,Shirt,12,80.12,961.44,0.015,14.4216,2014-05-24 16:03:28
750461,"Volkman, Goyette and Lemke",WJ-02096,Belt,13,81.19,1055.47,0.015,15.83205,2014-01-08 02:45:07
929400,"Senger, Upton and Breitenberg",LL-46261,Shoes,2,48.15,96.3,0.015,1.4445,2014-04-28 07:01:04
563905,"Kerluke, Reilly and Bechtelar",MJ-21460,Shoes,1,54.94,54.94,0.015,0.8241,2014-08-09 11:22:15
734922,Berge LLC,QN-82852,Belt,4,57.75,231,0.015,3.465,2013-11-04 09:48:26
296809,Carroll PLC,AS-93055,Shirt,14,47.68,667.52,0.015,10.0128,2014-01-12 00:28:09
304860,Huel-Haag,QN-82852,Belt,2,41.4,82.8,0.015,1.242,2014-09-23 02:36:55
563905,"Kerluke, Reilly and Bechtelar",VG-32047,Shirt,6,58.52,351.12,0.07,24.5784,2014-03-14 02:28:57
750461,"Volkman, Goyette and Lemke",LL-46261,Shoes,12,96.62,1159.44,0.07,81.1608,2013-12-13 03:19:19
850140,Kunze Inc,KV-99194,Shirt,12,93.67,1124.04,0.07,78.6828,2014-02-19 06:03:09
115138,Gorczany-Hahn,VG-32047,Shirt,12,72.63,871.56,0.07,61.0092,2014-02-07 03:30:14
711951,Kilback-Gerlach,AS-93055,Shirt,2,90.8,181.6,0.07,12.712,2014-03-26 20:56:14
676847,Hamill-Hackett,AS-93055,Shirt,6,42.96,257.76,0.07,18.0432,2013-11-14 22:16:18
711951,Kilback-Gerlach,AS-93055,Shirt,1,71.5,71.5,0.07,5.005,2014-04-14 16:58:07
305803,"Davis, Kshlerin and Reilly",AS-93055,Shirt,1,74.43,74.43,0.03,2.2329,2014-09-20 09:49:19
201259,Koelpin PLC,GS-86623,Shoes,8,35.38,283.04,0.03,8.4912,2013-12-12 02:37:57
115138,Gorczany-Hahn,QN-82852,Belt,16,24.87,397.92,0.03,11.9376,2014-02-20 07:42:49
296809,Carroll PLC,WJ-02096,Belt,14,15.33,214.62,0.03,6.4386,2013-12-03 01:25:07
93356,Waters-Walker,AS-93055,Shirt,12,94.34,1132.08,0.03,33.9624,2014-09-04 13:39:04
850140,Kunze Inc,MJ-21460,Shoes,18,12.78,230.04,0.03,6.9012,2014-02-20 13:18:47
676847,Hamill-Hackett,LL-46261,Shoes,3,28.71,86.13,0.03,2.5839,2014-01-02 12:49:41
115138,Gorczany-Hahn,VG-32047,Shirt,11,11.21,123.31,0.03,3.6993,2013-12-10 20:13:01
201259,Koelpin PLC,KV-99194,Shirt,4,29.79,119.16,0.03,3.5748,2013-11-07 17:43:31
201259,Koelpin PLC,LW-86841,Shoes,11,35.82,394.02,0.03,11.8206,2014-06-21 19:49:30
676847,Hamill-Hackett,WJ-02096,Belt,6,55.43,332.58,0.03,9.9774,2014-08-08 13:50:43
304860,Huel-Haag,GS-86623,Shoes,4,95.75,383,0.03,11.49,2014-03-15 12:50:59
304860,Huel-Haag,MJ-21460,Shoes,10,12.63,126.3,0.03,3.789,2014-06-05 22:34:03
850140,Kunze Inc,MJ-21460,Shoes,10,26.21,262.1,0.03,7.863,2014-04-21 02:14:10
758133,"Kihn, McClure and Denesik",LW-86841,Shoes,11,92.1,1013.1,0.03,30.393,2014-03-21 14:26:03
750461,"Volkman, Goyette and Lemke",MJ-21460,Shoes,10,98.27,982.7,0.03,29.481,2014-10-02 04:41:10
555594,"Ernser, Cruickshank and Lind",FK-71853,Shirt,6,65.4,392.4,0.03,11.772,2014-09-17 19:15:27
995267,Cole-Eichmann,KV-99194,Shirt,10,23.79,237.9,0.03,7.137,2013-11-17 23:56:36
201259,Koelpin PLC,MJ-21460,Shoes,7,52.01,364.07,0.03,10.9221,2014-05-23 17:49:08
758133,"Kihn, McClure and Denesik",FK-71853,Shirt,11,13.06,143.66,0.03,4.3098,2014-03-01 08:58:41
850140,Kunze Inc,GS-86623,Shoes,14,92.43,1294.02,0.03,38.8206,2014-08-03 21:22:07
201259,Koelpin PLC,FK-71853,Shirt,14,57.69,807.66,0.03,24.2298,2014-05-26 16:29:02
555594,"Ernser, Cruickshank and Lind",KV-99194,Shirt,10,83.05,830.5,0.03,24.915,2014-01-05 10:16:57
98022,Heidenreich-Bosco,GS-86623,Shoes,10,26.49,264.9,0.03,7.947,2014-02-12 07:27:39
929400,"Senger, Upton and Breitenberg",GS-86623,Shoes,15,88.24,1323.6,0.03,39.708,2014-07-09 19:31:43
305803,"Davis, Kshlerin and Reilly",LL-46261,Shoes,13,75.38,979.94,0.03,29.3982,2014-03-05 09:26:56
850140,Kunze Inc,LW-86841,Shoes,16,66.61,1065.76,0.03,31.9728,2014-07-25 22:56:12
734922,Berge LLC,GS-86623,Shoes,3,99.88,299.64,0.03,8.9892,2014-08-04 23:08:09
995267,Cole-Eichmann,AS-93055,Shirt,7,41.75,292.25,0.03,8.7675,2014-07-08 15:01:53
115138,Gorczany-Hahn,AS-93055,Shirt,13,22.23,288.99,0.03,8.6697,2014-01-13 18:31:57
929400,"Senger, Upton and Breitenberg",QN-82852,Belt,18,71.38,1284.84,0.03,38.5452,2014-09-24 04:14:12
98022,Heidenreich-Bosco,LW-86841,Shoes,9,89.82,808.38,0.03,24.2514,2013-11-30 23:19:44
115138,Gorczany-Hahn,KV-99194,Shirt,10,85.12,851.2,0.03,25.536,2014-05-17 03:23:30
555594,"Ernser, Cruickshank and Lind",VG-32047,Shirt,17,75.04,1275.68,0.03,38.2704,2014-02-09 16:56:59
750461,"Volkman, Goyette and Lemke",KV-99194,Shirt,3,45.05,135.15,0.03,4.0545,2014-02-17 04:26:57
563905,"Kerluke, Reilly and Bechtelar",GS-86623,Shoes,16,76.77,1228.32,0.03,36.8496,2014-01-05 02:40:58
659366,Waelchi-Fahey,VG-32047,Shirt,11,99.09,1089.99,0.03,32.6997,2014-07-15 21:09:33
555594,"Ernser, Cruickshank and Lind",AS-93055,Shirt,3,71.25,213.75,0.03,6.4125,2014-09-29 06:24:24
563905,"Kerluke, Reilly and Bechtelar",QN-82852,Belt,14,40.3,564.2,0.03,16.926,2014-01-15 18:10:47
659366,Waelchi-Fahey,AS-93055,Shirt,1,10.38,10.38,0.03,0.3114,2014-09-12 21:26:08
304860,Huel-Haag,GS-86623,Shoes,8,69.32,554.56,0.03,16.6368,2014-08-05 15:34:59
758133,"Kihn, McClure and Denesik",QN-82852,Belt,12,82.74,992.88,0.03,29.7864,2014-07-28 00:55:13
524021,Hegmann and Sons,QN-82852,Belt,17,81.64,1387.88,0.03,41.6364,2014-05-29 05:51:07
676847,Hamill-Hackett,LL-46261,Shoes,5,50.63,253.15,0.03,7.5945,2014-10-22 11:43:28
850140,Kunze Inc,LW-86841,Shoes,6,81.41,488.46,0.03,14.6538,2014-09-11 08:41:22
115138,Gorczany-Hahn,QN-82852,Belt,13,18.45,239.85,0.03,7.1955,2014-01-19 21:22:08
563905,"Kerluke, Reilly and Bechtelar",AS-93055,Shirt,17,17.36,295.12,0.03,8.8536,2014-01-29 14:09:39
304860,Huel-Haag,AS-93055,Shirt,9,55.09,495.81,0.03,14.8743,2014-06-28 22:39:25
995267,Cole-Eichmann,LL-46261,Shoes,3,17.54,52.62,0.03,1.5786,2014-01-17 19:11:41
758133,"Kihn, McClure and Denesik",AS-93055,Shirt,7,82.51,577.57,0.03,17.3271,2014-01-13 08:06:03
304860,Huel-Haag,WJ-02096,Belt,3,14.9,44.7,0.03,1.341,2013-11-21 14:28:29
659366,Waelchi-Fahey,FK-71853,Shirt,6,89.05,534.3,0.03,16.029,2014-05-15 02:19:37
563905,"Kerluke, Reilly and Bechtelar",QN-82852,Belt,18,57.99,1043.82,0.025,26.0955,2014-09-25 06:23:20
201259,Koelpin PLC,VG-32047,Shirt,1,35.82,35.82,0.025,0.8955,2014-04-01 11:12:52
734922,Berge LLC,LW-86841,Shoes,5,56,280,0.025,7,2013-11-22 17:45:35
555594,"Ernser, Cruickshank and Lind",WJ-02096,Belt,7,77.52,542.64,0.025,13.566,2014-02-01 09:30:21
555594,"Ernser, Cruickshank and Lind",LL-46261,Shoes,12,47.07,564.84,0.025,14.121,2014-08-08 11:08:24
758133,"Kihn, McClure and Denesik",KV-99194,Shirt,18,70.12,1262.16,0.025,31.554,2013-10-25 03:43:33
563905,"Kerluke, Reilly and Bechtelar",VG-32047,Shirt,20,28.61,572.2,0.025,14.305,2014-09-30 19:16:05
115138,Gorczany-Hahn,FK-71853,Shirt,12,73.92,887.04,0.025,22.176,2014-05-15 13:22:25
201259,Koelpin PLC,FK-71853,Shirt,2,38.82,77.64,0.025,1.941,2013-12-10 17:54:51
299771,"Kuphal, Zieme and Kub",KV-99194,Shirt,14,69.26,969.64,0.025,24.241,2014-01-20 20:34:55
734922,Berge LLC,GS-86623,Shoes,19,28.54,542.26,0.025,13.5565,2013-10-26 17:03:00
296809,Carroll PLC,LL-46261,Shoes,7,79.15,554.05,0.025,13.85125,2014-03-07 09:38:37
299771,"Kuphal, Zieme and Kub",GS-86623,Shoes,20,36.19,723.8,0.025,18.095,2014-07-02 08:35:43
750461,"Volkman, Goyette and Lemke",LL-46261,Shoes,19,93.21,1770.99,0.025,44.27475,2014-04-20 18:58:11
201259,Koelpin PLC,MJ-21460,Shoes,5,23.76,118.8,0.03,3.564,2014-08-17 11:00:49
115138,Gorczany-Hahn,FK-71853,Shirt,2,44.1,88.2,0.03,2.646,2014-08-09 18:31:40
115138,Gorczany-Hahn,LL-46261,Shoes,20,41.05,821,0.03,24.63,2014-02-20 07:29:02
305803,"Davis, Kshlerin and Reilly",LW-86841,Shoes,19,47.78,907.82,0.03,27.2346,2014-02-22 13:15:38
711951,Kilback-Gerlach,LW-86841,Shoes,9,95.92,863.28,0.03,25.8984,2014-05-29 22:08:13
93356,Waters-Walker,GS-86623,Shoes,4,50.1,200.4,0.03,6.012,2014-08-11 02:09:32
98022,Heidenreich-Bosco,WJ-02096,Belt,10,75.51,755.1,0.03,22.653,2013-10-22 23:19:39
555594,"Ernser, Cruickshank and Lind",VG-32047,Shirt,19,64.38,1223.22,0.03,36.6966,2014-09-02 21:51:04
524021,Hegmann and Sons,FK-71853,Shirt,12,17.42,209.04,0.03,6.2712,2014-01-22 14:25:19
115138,Gorczany-Hahn,MJ-21460,Shoes,11,81.67,898.37,0.03,26.9511,2014-09-06 11:50:34
555594,"Ernser, Cruickshank and Lind",VG-32047,Shirt,6,74.08,444.48,0.03,13.3344,2014-02-28 18:37:43
299771,"Kuphal, Zieme and Kub",MJ-21460,Shoes,18,25.91,466.38,0.03,13.9914,2014-08-12 22:48:01
524021,Hegmann and Sons,LL-46261,Shoes,6,57.32,343.92,0.03,10.3176,2013-12-20 12:38:08
750461,"Volkman, Goyette and Lemke",QN-82852,Belt,6,78.61,471.66,0.03,14.1498,2013-12-18 12:13:25
563905,"Kerluke, Reilly and Bechtelar",MJ-21460,Shoes,5,50.85,254.25,0.03,7.6275,2014-08-02 05:30:13
750461,"Volkman, Goyette and Lemke",FK-71853,Shirt,13,72.12,937.56,0.075,70.317,2014-03-09 14:23:35
299771,"Kuphal, Zieme and Kub",MJ-21460,Shoes,14,24.91,348.74,0.075,26.1555,2014-04-06 19:20:34
555594,"Ernser, Cruickshank and Lind",MJ-21460,Shoes,9,43.25,389.25,0.075,29.19375,2014-04-26 16:22:46
299771,"Kuphal, Zieme and Kub",QN-82852,Belt,12,66.32,795.84,0.075,59.688,2013-11-19 04:47:16
659366,Waelchi-Fahey,AS-93055,Shirt,2,24.3,48.6,0.075,3.645,2013-11-10 13:25:32
734922,Berge LLC,MJ-21460,Shoes,12,53.7,644.4,0.075,48.33,2014-09-27 02:51:01
201259,Koelpin PLC,LL-46261,Shoes,16,80.82,1293.12,0.075,96.984,2014-08-19 00:53:50
555594,"Ernser, Cruickshank and Lind",QN-82852,Belt,10,91.71,917.1,0.075,68.7825,2014-06-25 19:11:32
563905,"Kerluke, Reilly and Bechtelar",KV-99194,Shirt,11,16.05,176.55,0.075,13.24125,2014-09-26 03:52:52
93356,Waters-Walker,VG-32047,Shirt,17,86.18,1465.06,0.075,109.8795,2014-08-13 15:42:49
758133,"Kihn, McClure and Denesik",LW-86841,Shoes,14,87.56,1225.84,0.075,91.938,2014-04-27 07:55:06
676847,Hamill-Hackett,GS-86623,Shoes,20,27.49,549.8,0.075,41.235,2014-07-02 12:51:29
93356,Waters-Walker,GS-86623,Shoes,4,73.11,292.44,0.075,21.933,2014-08-21 19:29:11
758133,"Kihn, McClure and Denesik",FK-71853,Shirt,11,90.64,997.04,0.075,74.778,2014-05-11 06:10:17
555594,"Ernser, Cruickshank and Lind",KV-99194,Shirt,12,72.17,866.04,0.075,64.953,2014-09-15 20:49:18
659366,Waelchi-Fahey,LL-46261,Shoes,9,50.76,456.84,0.075,34.263,2014-08-29 11:32:00
93356,Waters-Walker,FK-71853,Shirt,16,21.43,342.88,0.07,24.0016,2014-05-25 00:38:58
93356,Waters-Walker,LL-46261,Shoes,20,21.09,421.8,0.07,29.526,2013-12-23 04:50:54
524021,Hegmann and Sons,VG-32047,Shirt,20,25.37,507.4,0.07,35.518,2014-07-19 17:18:19
676847,Hamill-Hackett,KV-99194,Shirt,20,29.59,591.8,0.015,8.877,2014-01-01 19:55:03
995267,Cole-Eichmann,KV-99194,Shirt,17,20.24,344.08,0.015,5.1612,2014-10-01 21:20:26
850140,Kunze Inc,WJ-02096,Belt,13,71.35,927.55,0.015,13.91325,2014-06-09 20:22:22
524021,Hegmann and Sons,KV-99194,Shirt,16,79.67,1274.72,0.015,19.1208,2013-10-25 07:31:02
711951,Kilback-Gerlach,LW-86841,Shoes,2,60.75,121.5,0.015,1.8225,2014-05-17 13:10:42
299771,"Kuphal, Zieme and Kub",KV-99194,Shirt,5,44.47,222.35,0.015,3.33525,2014-04-11 05:00:15
93356,Waters-Walker,GS-86623,Shoes,2,86.17,172.34,0.015,2.5851,2014-03-12 14:25:12
555594,"Ernser, Cruickshank and Lind",LW-86841,Shoes,14,54.5,763,0.015,11.445,2014-10-06 09:47:02
299771,"Kuphal, Zieme and Kub",AS-93055,Shirt,18,37.75,679.5,0.015,10.1925,2014-04-05 20:02:30
299771,"Kuphal, Zieme and Kub",FK-71853,Shirt,20,32.7,654,0.015,9.81,2014-04-26 05:18:02
296809,Carroll PLC,MJ-21460,Shoes,15,93.06,1395.9,0.015,20.9385,2014-08-17 18:39:56
750461,"Volkman, Goyette and Lemke",LL-46261,Shoes,17,49.59,843.03,0.015,12.64545,2013-10-29 12:57:27
750461,"Volkman, Goyette and Lemke",WJ-02096,Belt,17,45.43,772.31,0.015,11.58465,2014-05-09 06:44:04
711951,Kilback-Gerlach,AS-93055,Shirt,2,31.54,63.08,0.015,0.9462,2014-01-26 05:15:19
304860,Huel-Haag,LW-86841,Shoes,6,93.02,558.12,0.015,8.3718,2013-11-23 08:51:18
750461,"Volkman, Goyette and Lemke",FK-71853,Shirt,16,57.02,912.32,0.015,13.6848,2014-10-14 14:07:31
711951,Kilback-Gerlach,FK-71853,Shirt,11,53.17,584.87,0.015,8.77305,2014-06-10 15:11:01
305803,"Davis, Kshlerin and Reilly",LL-46261,Shoes,12,52.51,630.12,0.015,9.4518,2014-08-03 03:39:52
115138,Gorczany-Hahn,MJ-21460,Shoes,13,96.31,1252.03,0.07,87.6421,2013-12-03 04:04:40
201259,Koelpin PLC,LW-86841,Shoes,16,90.97,1455.52,0.07,101.8864,2014-08-29 07:41:36
734922,Berge LLC,KV-99194,Shirt,7,64.02,448.14,0.07,31.3698,2013-11-05 03:55:12
563905,"Kerluke, Reilly and Bechtelar",GS-86623,Shoes,15,18.41,276.15,0.07,19.3305,2014-03-02 17:47:13
305803,"Davis, Kshlerin and Reilly",MJ-21460,Shoes,2,29.63,59.26,0.07,4.1482,2014-03-27 23:48:17
750461,"Volkman, Goyette and Lemke",FK-71853,Shirt,4,46.82,187.28,0.07,13.1096,2014-02-15 06:51:19
850140,Kunze Inc,VG-32047,Shirt,9,93.69,843.21,0.07,59.0247,2014-03-20 15:25:39
93356,Waters-Walker,GS-86623,Shoes,15,64.11,961.65,0.03,28.8495,2013-10-23 08:28:53
304860,Huel-Haag,LL-46261,Shoes,3,48.87,146.61,0.03,4.3983,2014-04-03 22:36:22
929400,"Senger, Upton and Breitenberg",MJ-21460,Shoes,14,87.01,1218.14,0.03,36.5442,2013-12-14 16:40:16
929400,"Senger, Upton and Breitenberg",KV-99194,Shirt,4,17.98,71.92,0.03,2.1576,2014-07-22 19:10:27
734922,Berge LLC,AS-93055,Shirt,10,93.77,937.7,0.03,28.131,2014-08-17 09:21:15
734922,Berge LLC,MJ-21460,Shoes,6,84.73,508.38,0.03,15.2514,2014-07-20 18:27:59
711951,Kilback-Gerlach,QN-82852,Belt,11,45.49,500.39,0.03,15.0117,2013-11-12 10:13:25
299771,"Kuphal, Zieme and Kub",LL-46261,Shoes,17,70.23,1193.91,0.03,35.8173,2014-08-14 13:57:01
995267,Cole-Eichmann,FK-71853,Shirt,10,51.29,512.9,0.03,15.387,2014-09-16 05:26:10
93356,Waters-Walker,AS-93055,Shirt,16,75.48,1207.68,0.03,36.2304,2014-08-23 04:04:11
676847,Hamill-Hackett,MJ-21460,Shoes,19,56.9,1081.1,0.03,32.433,2014-10-21 08:46:48
524021,Hegmann and Sons,FK-71853,Shirt,10,71.89,718.9,0.03,21.567,2014-09-11 00:45:37
929400,"Senger, Upton and Breitenberg",MJ-21460,Shoes,10,13.02,130.2,0.03,3.906,2014-06-30 10:31:23
304860,Huel-Haag,MJ-21460,Shoes,3,79.49,238.47,0.03,7.1541,2014-06-02 13:06:24
734922,Berge LLC,AS-93055,Shirt,11,81.53,896.83,0.03,26.9049,2014-09-01 17:46:10
659366,Waelchi-Fahey,LL-46261,Shoes,1,18.68,18.68,0.03,0.5604,2014-05-19 18:10:49
201259,Koelpin PLC,MJ-21460,Shoes,20,45.32,906.4,0.03,27.192,2014-07-06 22:06:23
711951,Kilback-Gerlach,AS-93055,Shirt,10,68.74,687.4,0.03,20.622,2014-03-27 12:14:12
750461,"Volkman, Goyette and Lemke",AS-93055,Shirt,10,90,900,0.03,27,2014-07-10 22:17:15
995267,Cole-Eichmann,WJ-02096,Belt,6,20.3,121.8,0.03,3.654,2014-05-23 10:24:32
563905,"Kerluke, Reilly and Bechtelar",VG-32047,Shirt,17,58.67,997.39,0.03,29.9217,2013-12-08 13:43:29
659366,Waelchi-Fahey,FK-71853,Shirt,2,12.68,25.36,0.03,0.7608,2014-04-27 03:38:16
676847,Hamill-Hackett,GS-86623,Shoes,17,49.68,844.56,0.03,25.3368,2014-01-28 15:37:10
524021,Hegmann and Sons,MJ-21460,Shoes,2,95.37,190.74,0.03,5.7222,2014-03-30 08:27:54
524021,Hegmann and Sons,AS-93055,Shirt,20,96.98,1939.6,0.03,58.188,2014-06-13 18:23:55
296809,Carroll PLC,VG-32047,Shirt,16,23.79,380.64,0.03,11.4192,2014-02-26 18:22:57
995267,Cole-Eichmann,KV-99194,Shirt,2,37.86,75.72,0.03,2.2716,2014-04-04 19:30:50
304860,Huel-Haag,KV-99194,Shirt,9,66.18,595.62,0.03,17.8686,2014-01-15 11:55:40
524021,Hegmann and Sons,KV-99194,Shirt,6,98.89,593.34,0.03,17.8002,2014-04-22 00:24:15
758133,"Kihn, McClure and Denesik",VG-32047,Shirt,4,25.02,100.08,0.03,3.0024,2014-05-26 06:54:22
563905,"Kerluke, Reilly and Bechtelar",WJ-02096,Belt,16,64.58,1033.28,0.03,30.9984,2013-12-17 23:35:15
305803,"Davis, Kshlerin and Reilly",FK-71853,Shirt,18,48.7,876.6,0.03,26.298,2014-02-10 08:43:23
734922,Berge LLC,QN-82852,Belt,16,24.66,394.56,0.03,11.8368,2013-12-12 00:57:07
563905,"Kerluke, Reilly and Bechtelar",LW-86841,Shoes,5,43.15,215.75,0.03,6.4725,2014-04-06 06:24:33
296809,Carroll PLC,QN-82852,Belt,2,54.52,109.04,0.03,3.2712,2014-08-24 09:43:19
929400,"Senger, Upton and Breitenberg",WJ-02096,Belt,8,91.14,729.12,0.03,21.8736,2014-06-11 10:12:04
98022,Heidenreich-Bosco,LW-86841,Shoes,13,65.79,855.27,0.03,25.6581,2014-06-28 04:47:33
750461,"Volkman, Goyette and Lemke",AS-93055,Shirt,8,14.73,117.84,0.03,3.5352,2014-03-19 05:18:21
758133,"Kihn, McClure and Denesik",VG-32047,Shirt,14,96.18,1346.52,0.03,40.3956,2014-10-04 09:49:10
524021,Hegmann and Sons,MJ-21460,Shoes,6,81.1,486.6,0.03,14.598,2014-02-15 15:29:46
98022,Heidenreich-Bosco,FK-71853,Shirt,12,38.32,459.84,0.03,13.7952,2014-06-25 09:29:53
929400,"Senger, Upton and Breitenberg",FK-71853,Shirt,3,51.8,155.4,0.03,4.662,2014-03-31 04:17:46
850140,Kunze Inc,FK-71853,Shirt,13,40.29,523.77,0.03,15.7131,2014-09-01 23:53:15
98022,Heidenreich-Bosco,KV-99194,Shirt,10,22.17,221.7,0.03,6.651,2014-02-26 06:59:32
711951,Kilback-Gerlach,MJ-21460,Shoes,15,43.41,651.15,0.03,19.5345,2014-03-09 00:29:06
115138,Gorczany-Hahn,KV-99194,Shirt,11,67.32,740.52,0.03,22.2156,2014-02-28 18:44:43
524021,Hegmann and Sons,FK-71853,Shirt,3,17.9,53.7,0.03,1.611,2014-10-14 19:22:12
563905,"Kerluke, Reilly and Bechtelar",LW-86841,Shoes,7,44.27,309.89,0.03,9.2967,2014-10-08 13:05:13
524021,Hegmann and Sons,FK-71853,Shirt,18,51.72,930.96,0.03,27.9288,2014-02-14 00:05:05
305803,"Davis, Kshlerin and Reilly",AS-93055,Shirt,9,22.01,198.09,0.03,5.9427,2014-04-08 03:17:21
563905,"Kerluke, Reilly and Bechtelar",KV-99194,Shirt,10,36.38,363.8,0.03,10.914,2014-01-02 13:43:36
304860,Huel-Haag,FK-71853,Shirt,11,63.78,701.58,0.03,21.0474,2014-07-15 23:58:16
201259,Koelpin PLC,MJ-21460,Shoes,10,56.51,565.1,0.025,14.1275,2014-09-22 16:34:24
555594,"Ernser, Cruickshank and Lind",AS-93055,Shirt,2,10.47,20.94,0.025,0.5235,2014-04-23 15:24:21
734922,Berge LLC,GS-86623,Shoes,8,21.39,171.12,0.025,4.278,2014-03-12 11:43:23
201259,Koelpin PLC,LL-46261,Shoes,13,26.49,344.37,0.025,8.60925,2014-09-09 14:59:01
758133,"Kihn, McClure and Denesik",VG-32047,Shirt,20,95.6,1912,0.025,47.8,2014-10-12 20:10:43
995267,Cole-Eichmann,LL-46261,Shoes,17,72.91,1239.47,0.025,30.98675,2014-02-26 16:19:25
659366,Waelchi-Fahey,FK-71853,Shirt,15,89.45,1341.75,0.025,33.54375,2014-09-09 09:21:01
305803,"Davis, Kshlerin and Reilly",KV-99194,Shirt,4,63.39,253.56,0.025,6.339,2014-09-15 18:49:05
305803,"Davis, Kshlerin and Reilly",QN-82852,Belt,15,51.64,774.6,0.025,19.365,2014-09-07 02:44:53
115138,Gorczany-Hahn,LW-86841,Shoes,6,72.98,437.88,0.025,10.947,2014-06-15 03:34:22
850140,Kunze Inc,MJ-21460,Shoes,8,63.28,506.24,0.025,12.656,2014-06-21 21:09:50
555594,"Ernser, Cruickshank and Lind",WJ-02096,Belt,15,63.31,949.65,0.025,23.74125,2014-04-23 06:25:35
734922,Berge LLC,MJ-21460,Shoes,10,44.59,445.9,0.025,11.1475,2014-05-04 18:52:20
563905,"Kerluke, Reilly and Bechtelar",LW-86841,Shoes,7,41.87,293.09,0.025,7.32725,2013-12-09 01:15:23
299771,"Kuphal, Zieme and Kub",LW-86841,Shoes,4,35,140,0.03,4.2,2014-04-13 20:37:05
659366,Waelchi-Fahey,WJ-02096,Belt,13,68.39,889.07,0.03,26.6721,2013-11-27 12:45:23
555594,"Ernser, Cruickshank and Lind",LL-46261,Shoes,8,82.19,657.52,0.03,19.7256,2014-07-19 13:51:23
296809,Carroll PLC,AS-93055,Shirt,1,58.8,58.8,0.03,1.764,2014-09-06 13:00:55
296809,Carroll PLC,QN-82852,Belt,16,27.44,439.04,0.03,13.1712,2014-07-06 13:23:48
296809,Carroll PLC,MJ-21460,Shoes,14,99.5,1393,0.03,41.79,2014-06-07 23:28:22
929400,"Senger, Upton and Breitenberg",MJ-21460,Shoes,3,56.34,169.02,0.03,5.0706,2014-07-13 09:41:43
995267,Cole-Eichmann,LW-86841,Shoes,9,83.87,754.83,0.03,22.6449,2014-07-28 01:53:47
296809,Carroll PLC,MJ-21460,Shoes,19,56.63,1075.97,0.03,32.2791,2013-12-08 02:40:53
711951,Kilback-Gerlach,WJ-02096,Belt,1,56.95,56.95,0.03,1.7085,2014-03-08 15:50:55
524021,Hegmann and Sons,GS-86623,Shoes,10,31.81,318.1,0.03,9.543,2013-11-18 23:11:16
995267,Cole-Eichmann,QN-82852,Belt,13,40.34,524.42,0.03,15.7326,2014-09-08 14:00:39
758133,"Kihn, McClure and Denesik",GS-86623,Shoes,10,91.59,915.9,0.03,27.477,2014-03-19 14:06:11
758133,"Kihn, McClure and Denesik",GS-86623,Shoes,7,95.78,670.46,0.03,20.1138,2014-05-16 23:44:14
296809,Carroll PLC,LL-46261,Shoes,9,90.91,818.19,0.03,24.5457,2014-10-11 20:37:05
758133,"Kihn, McClure and Denesik",AS-93055,Shirt,12,24.09,289.08,0.075,21.681,2013-12-08 06:53:09
711951,Kilback-Gerlach,LL-46261,Shoes,9,10.81,97.29,0.075,7.29675,2013-12-06 00:59:43
93356,Waters-Walker,QN-82852,Belt,3,59.61,178.83,0.075,13.41225,2014-08-02 13:29:11
201259,Koelpin PLC,WJ-02096,Belt,16,16.3,260.8,0.075,19.56,2014-04-05 02:00:02
929400,"Senger, Upton and Breitenberg",LL-46261,Shoes,4,23.08,92.32,0.075,6.924,2014-09-13 11:34:24
524021,Hegmann and Sons,MJ-21460,Shoes,18,42.01,756.18,0.15,113.427,2013-11-27 03:18:14
676847,Hamill-Hackett,LL-46261,Shoes,5,74.02,370.1,0.15,55.515,2013-11-10 07:30:39
93356,Waters-Walker,QN-82852,Belt,11,77.66,854.26,0.15,128.139,2014-03-15 17:01:26
98022,Heidenreich-Bosco,LL-46261,Shoes,7,14.75,103.25,0.15,15.4875,2014-09-14 23:53:52
659366,Waelchi-Fahey,LW-86841,Shoes,16,38.75,620,0.15,93,2014-03-20 05:48:40
929400,"Senger, Upton and Breitenberg",LL-46261,Shoes,13,53.39,694.07,0.15,104.1105,2014-02-26 15:03:04
676847,Hamill-Hackett,KV-99194,Shirt,1,55.51,55.51,0.15,8.3265,2014-07-15 17:41:23
305803,"Davis, Kshlerin and Reilly",KV-99194,Shirt,7,16,112,0.15,16.8,2014-05-05 21:05:51
850140,Kunze Inc,AS-93055,Shirt,20,63.75,1275,0.15,191.25,2014-02-09 10:28:34
201259,Koelpin PLC,GS-86623,Shoes,15,66.78,1001.7,0.03,30.051,2014-04-29 20:36:59
93356,Waters-Walker,VG-32047,Shirt,2,75.16,150.32,0.03,4.5096,2013-11-26 12:30:16
98022,Heidenreich-Bosco,MJ-21460,Shoes,14,34.8,487.2,0.03,14.616,2014-03-08 06:35:20
296809,Carroll PLC,QN-82852,Belt,14,14.82,207.48,0.03,6.2244,2014-04-06 19:17:38
676847,Hamill-Hackett,VG-32047,Shirt,4,88.99,355.96,0.075,26.697,2013-12-16 01:09:18
711951,Kilback-Gerlach,LW-86841,Shoes,13,71.43,928.59,0.075,69.64425,2014-04-26 03:39:28
304860,Huel-Haag,LL-46261,Shoes,6,23.37,140.22,0.075,10.5165,2013-10-22 22:50:47
711951,Kilback-Gerlach,LL-46261,Shoes,19,30.06,571.14,0.075,42.8355,2014-06-28 01:20:04
555594,"Ernser, Cruickshank and Lind",QN-82852,Belt,2,74.42,148.84,0.075,11.163,2013-12-09 09:10:44
659366,Waelchi-Fahey,QN-82852,Belt,4,38.69,154.76,0.15,23.214,2014-02-14 02:42:30
201259,Koelpin PLC,AS-93055,Shirt,3,16.22,48.66,0.15,7.299,2014-07-11 08:17:44
296809,Carroll PLC,VG-32047,Shirt,15,63.45,951.75,0.15,142.7625,2014-10-12 09:08:07
563905,"Kerluke, Reilly and Bechtelar",KV-99194,Shirt,19,78.34,1488.46,0.025,37.2115,2014-09-28 19:20:15
299771,"Kuphal, Zieme and Kub",KV-99194,Shirt,9,79.63,716.67,0.025,17.91675,2014-02-16 01:11:09
750461,"Volkman, Goyette and Lemke",LW-86841,Shoes,3,96.59,289.77,0.025,7.24425,2014-01-11 05:10:44
524021,Hegmann and Sons,WJ-02096,Belt,20,66.27,1325.4,0.025,33.135,2014-10-05 01:36:59
115138,Gorczany-Hahn,AS-93055,Shirt,8,16.11,128.88,0.025,3.222,2014-08-06 01:09:28
850140,Kunze Inc,FK-71853,Shirt,7,76.23,533.61,0.025,13.34025,2013-11-06 02:36:22
524021,Hegmann and Sons,LL-46261,Shoes,15,20.61,309.15,0.025,7.72875,2014-05-26 03:15:30
995267,Cole-Eichmann,GS-86623,Shoes,6,55.05,330.3,0.025,8.2575,2013-12-27 08:33:09
299771,"Kuphal, Zieme and Kub",LW-86841,Shoes,9,60.33,542.97,0.025,13.57425,2014-09-16 13:47:08
929400,"Senger, Upton and Breitenberg",QN-82852,Belt,12,96.02,1152.24,0.025,28.806,2014-04-06 03:35:41
555594,"Ernser, Cruickshank and Lind",KV-99194,Shirt,16,94.05,1504.8,0.025,37.62,2014-03-13 22:14:32
734922,Berge LLC,MJ-21460,Shoes,19,88.62,1683.78,0.025,42.0945,2014-01-29 06:44:37
850140,Kunze Inc,FK-71853,Shirt,6,38.76,232.56,0.025,5.814,2014-09-18 05:56:57
995267,Cole-Eichmann,QN-82852,Belt,10,12.35,123.5,0.025,3.0875,2014-07-05 01:51:03
299771,"Kuphal, Zieme and Kub",LW-86841,Shoes,3,30.77,92.31,0.025,2.30775,2014-03-01 02:12:31
659366,Waelchi-Fahey,FK-71853,Shirt,14,23.86,334.04,0.025,8.351,2014-09-30 12:37:58
659366,Waelchi-Fahey,WJ-02096,Belt,3,72.43,217.29,0.025,5.43225,2014-10-03 23:46:12
296809,Carroll PLC,VG-32047,Shirt,10,91.46,914.6,0.025,22.865,2013-11-24 08:11:02
850140,Kunze Inc,QN-82852,Belt,19,75.7,1438.3,0.025,35.9575,2014-02-15 14:11:02
563905,"Kerluke, Reilly and Bechtelar",KV-99194,Shirt,9,95.53,859.77,0.025,21.49425,2014-03-18 14:35:55
305803,"Davis, Kshlerin and Reilly",AS-93055,Shirt,15,67.57,1013.55,0.025,25.33875,2014-08-02 12:03:04
93356,Waters-Walker,GS-86623,Shoes,3,99.42,298.26,0.025,7.4565,2014-01-27 11:30:33
304860,Huel-Haag,MJ-21460,Shoes,9,75.62,680.58,0.025,17.0145,2013-12-18 14:27:30
305803,"Davis, Kshlerin and Reilly",LL-46261,Shoes,9,84.1,756.9,0.025,18.9225,2014-10-06 21:13:27
93356,Waters-Walker,LL-46261,Shoes,11,78.54,863.94,0.025,21.5985,2013-12-28 22:14:49
758133,"Kihn, McClure and Denesik",VG-32047,Shirt,3,67.37,202.11,0.025,5.05275,2014-09-01 18:40:25
563905,"Kerluke, Reilly and Bechtelar",MJ-21460,Shoes,15,42.96,644.4,0.07,45.108,2014-04-06 13:20:57
734922,Berge LLC,LL-46261,Shoes,2,62.32,124.64,0.015,1.8696,2014-03-12 11:38:47
711951,Kilback-Gerlach,AS-93055,Shirt,7,82.95,580.65,0.015,8.70975,2014-08-05 11:34:16
201259,Koelpin PLC,WJ-02096,Belt,14,40.79,571.06,0.015,8.5659,2014-01-16 02:43:35
304860,Huel-Haag,QN-82852,Belt,7,38.58,270.06,0.015,4.0509,2014-08-29 23:41:16
676847,Hamill-Hackett,FK-71853,Shirt,1,99.97,99.97,0.015,1.49955,2014-05-10 12:10:10
711951,Kilback-Gerlach,GS-86623,Shoes,11,96.66,1063.26,0.015,15.9489,2014-02-13 11:43:17
563905,"Kerluke, Reilly and Bechtelar",FK-71853,Shirt,17,75.69,1286.73,0.015,19.30095,2013-11-25 02:35:28
929400,"Senger, Upton and Breitenberg",QN-82852,Belt,18,42.02,756.36,0.015,11.3454,2014-03-19 23:24:01
115138,Gorczany-Hahn,WJ-02096,Belt,12,80.25,963,0.015,14.445,2013-11-06 05:25:34
929400,"Senger, Upton and Breitenberg",QN-82852,Belt,4,70.28,281.12,0.015,4.2168,2014-01-25 23:43:12
305803,"Davis, Kshlerin and Reilly",LW-86841,Shoes,5,49.68,248.4,0.015,3.726,2014-09-20 17:40:46
299771,"Kuphal, Zieme and Kub",GS-86623,Shoes,14,73.92,1034.88,0.015,15.5232,2013-11-23 17:48:24
296809,Carroll PLC,WJ-02096,Belt,17,69.41,1179.97,0.015,17.69955,2014-09-11 02:20:46
850140,Kunze Inc,AS-93055,Shirt,18,87.42,1573.56,0.015,23.6034,2014-05-31 04:28:20
850140,Kunze Inc,KV-99194,Shirt,20,74.34,1486.8,0.015,22.302,2014-01-27 19:42:12
305803,"Davis, Kshlerin and Reilly",VG-32047,Shirt,17,59.12,1005.04,0.015,15.0756,2014-05-11 06:38:13
850140,Kunze Inc,AS-93055,Shirt,14,77.4,1083.6,0.015,16.254,2014-08-16 21:03:22
734922,Berge LLC,LL-46261,Shoes,15,58.85,882.75,0.015,13.24125,2014-08-22 04:35:06
305803,"Davis, Kshlerin and Reilly",QN-82852,Belt,1,44.77,44.77,0.07,3.1339,2014-02-25 11:20:59
201259,Koelpin PLC,VG-32047,Shirt,15,26.93,403.95,0.07,28.2765,2014-01-24 10:23:39
93356,Waters-Walker,MJ-21460,Shoes,12,95.96,1151.52,0.07,80.6064,2014-06-12 00:58:43
299771,"Kuphal, Zieme and Kub",AS-93055,Shirt,8,31.12,248.96,0.07,17.4272,2013-12-03 14:12:26
563905,"Kerluke, Reilly and Bechtelar",GS-86623,Shoes,7,83.84,586.88,0.07,41.0816,2014-10-20 05:47:49
563905,"Kerluke, Reilly and Bechtelar",LW-86841,Shoes,4,19.86,79.44,0.07,5.5608,2013-11-30 16:47:24
299771,"Kuphal, Zieme and Kub",FK-71853,Shirt,3,77.07,231.21,0.07,16.1847,2014-06-14 17:54:02
734922,Berge LLC,LW-86841,Shoes,15,46.94,704.1,0.03,21.123,2014-05-23 13:09:21
711951,Kilback-Gerlach,FK-71853,Shirt,11,39.02,429.22,0.03,12.8766,2013-12-08 14:04:38
734922,Berge LLC,VG-32047,Shirt,2,33.92,67.84,0.03,2.0352,2014-06-27 15:53:05
299771,"Kuphal, Zieme and Kub",FK-71853,Shirt,11,81.22,893.42,0.03,26.8026,2013-12-01 05:10:26
201259,Koelpin PLC,QN-82852,Belt,2,25.42,50.84,0.03,1.5252,2014-03-21 17:57:32
563905,"Kerluke, Reilly and Bechtelar",LW-86841,Shoes,4,59.07,236.28,0.03,7.0884,2014-04-07 08:54:29
304860,Huel-Haag,KV-99194,Shirt,15,50.2,753,0.03,22.59,2013-12-29 14:24:05
305803,"Davis, Kshlerin and Reilly",LW-86841,Shoes,3,24.83,74.49,0.03,2.2347,2014-05-20 15:22:35
201259,Koelpin PLC,MJ-21460,Shoes,12,89.95,1079.4,0.03,32.382,2013-12-28 16:19:22
758133,"Kihn, McClure and Denesik",LW-86841,Shoes,4,67.14,268.56,0.03,8.0568,2014-01-30 10:21:27
524021,Hegmann and Sons,FK-71853,Shirt,8,22.67,181.36,0.03,5.4408,2013-12-30 14:16:13
758133,"Kihn, McClure and Denesik",AS-93055,Shirt,6,50.19,301.14,0.03,9.0342,2014-04-26 22:58:25
734922,Berge LLC,KV-99194,Shirt,7,46.71,326.97,0.03,9.8091,2014-06-15 15:52:58
659366,Waelchi-Fahey,FK-71853,Shirt,17,75.46,1282.82,0.03,38.4846,2013-11-17 15:36:57
750461,"Volkman, Goyette and Lemke",FK-71853,Shirt,13,23.73,308.49,0.03,9.2547,2014-01-11 12:21:50
711951,Kilback-Gerlach,QN-82852,Belt,11,71.02,781.22,0.03,23.4366,2014-01-14 18:43:44
734922,Berge LLC,MJ-21460,Shoes,15,77.1,1156.5,0.03,34.695,2013-12-07 11:53:40
758133,"Kihn, McClure and Denesik",LW-86841,Shoes,3,39.99,119.97,0.03,3.5991,2013-11-13 02:00:22
201259,Koelpin PLC,QN-82852,Belt,14,95.77,1340.78,0.03,40.2234,2014-05-04 10:45:11
850140,Kunze Inc,GS-86623,Shoes,14,13.93,195.02,0.03,5.8506,2014-01-23 17:49:03
555594,"Ernser, Cruickshank and Lind",MJ-21460,Shoes,15,42.09,631.35,0.03,18.9405,2014-10-17 03:56:02
201259,Koelpin PLC,VG-32047,Shirt,5,60.51,302.55,0.03,9.0765,2014-10-22 07:16:46
296809,Carroll PLC,GS-86623,Shoes,5,41.58,207.9,0.03,6.237,2014-03-29 08:13:19
734922,Berge LLC,QN-82852,Belt,12,89.48,1073.76,0.03,32.2128,2014-05-23 06:43:54
850140,Kunze Inc,MJ-21460,Shoes,2,18.29,36.58,0.03,1.0974,2014-01-16 20:23:03
304860,Huel-Haag,WJ-02096,Belt,1,23.12,23.12,0.03,0.6936,2014-10-17 20:09:53
659366,Waelchi-Fahey,MJ-21460,Shoes,14,53.6,750.4,0.03,22.512,2014-09-14 11:01:14
750461,"Volkman, Goyette and Lemke",MJ-21460,Shoes,16,72.41,1158.56,0.03,34.7568,2014-09-19 21:41:12
201259,Koelpin PLC,MJ-21460,Shoes,5,33.2,166,0.03,4.98,2014-09-04 23:45:59
563905,"Kerluke, Reilly and Bechtelar",VG-32047,Shirt,20,14.99,299.8,0.03,8.994,2014-06-01 20:29:08
929400,"Senger, Upton and Breitenberg",QN-82852,Belt,3,45.6,136.8,0.03,4.104,2013-12-21 04:01:40
750461,"Volkman, Goyette and Lemke",AS-93055,Shirt,18,80.7,1452.6,0.03,43.578,2014-05-09 23:51:49
734922,Berge LLC,MJ-21460,Shoes,4,15.22,60.88,0.03,1.8264,2013-11-15 07:17:16
734922,Berge LLC,LL-46261,Shoes,13,53.11,690.43,0.03,20.7129,2014-08-29 16:34:09
115138,Gorczany-Hahn,QN-82852,Belt,1,90.21,90.21,0.03,2.7063,2014-01-30 17:16:08
676847,Hamill-Hackett,VG-32047,Shirt,4,76.81,307.24,0.03,9.2172,2014-09-06 20:28:27
98022,Heidenreich-Bosco,AS-93055,Shirt,17,61.31,1042.27,0.03,31.2681,2014-03-19 02:46:57
524021,Hegmann and Sons,FK-71853,Shirt,7,33,231,0.03,6.93,2014-02-04 19:29:41
995267,Cole-Eichmann,QN-82852,Belt,4,36.62,146.48,0.03,4.3944,2014-08-11 23:29:08
758133,"Kihn, McClure and Denesik",LW-86841,Shoes,10,72.1,721,0.03,21.63,2014-07-19 16:40:01
524021,Hegmann and Sons,AS-93055,Shirt,18,23.74,427.32,0.03,12.8196,2014-06-18 06:31:15
750461,"Volkman, Goyette and Lemke",LL-46261,Shoes,6,51.13,306.78,0.03,9.2034,2014-06-13 21:32:57
93356,Waters-Walker,FK-71853,Shirt,17,58.55,995.35,0.03,29.8605,2014-05-04 23:02:26
299771,"Kuphal, Zieme and Kub",MJ-21460,Shoes,6,54.27,325.62,0.03,9.7686,2014-05-15 19:28:27
305803,"Davis, Kshlerin and Reilly",LL-46261,Shoes,13,77.78,1011.14,0.03,30.3342,2013-11-30 17:23:21
201259,Koelpin PLC,QN-82852,Belt,8,69.58,556.64,0.03,16.6992,2014-04-03 01:34:49
676847,Hamill-Hackett,LW-86841,Shoes,10,67.36,673.6,0.03,20.208,2014-07-15 04:34:11
299771,"Kuphal, Zieme and Kub",LL-46261,Shoes,15,16.55,248.25,0.03,7.4475,2014-01-09 17:51:49
929400,"Senger, Upton and Breitenberg",MJ-21460,Shoes,16,99.13,1586.08,0.03,47.5824,2014-09-26 10:54:06
995267,Cole-Eichmann,QN-82852,Belt,17,69.11,1174.87,0.03,35.2461,2014-09-23 05:58:41
563905,"Kerluke, Reilly and Bechtelar",AS-93055,Shirt,12,81.57,978.84,0.03,29.3652,2014-09-25 14:09:16
563905,"Kerluke, Reilly and Bechtelar",FK-71853,Shirt,20,62.12,1242.4,0.03,37.272,2014-07-01 22:14:25
734922,Berge LLC,VG-32047,Shirt,4,96.25,385,0.025,9.625,2014-07-09 19:18:49
98022,Heidenreich-Bosco,LL-46261,Shoes,18,71.34,1284.12,0.025,32.103,2013-11-17 00:18:08
711951,Kilback-Gerlach,QN-82852,Belt,19,33.1,628.9,0.025,15.7225,2014-03-04 07:23:35
296809,Carroll PLC,WJ-02096,Belt,15,38.73,580.95,0.025,14.52375,2014-02-03 03:57:26
929400,"Senger, Upton and Breitenberg",VG-32047,Shirt,17,43.1,732.7,0.025,18.3175,2014-08-19 11:22:06
296809,Carroll PLC,WJ-02096,Belt,16,91.09,1457.44,0.025,36.436,2014-03-18 23:14:03
524021,Hegmann and Sons,LW-86841,Shoes,13,60.72,789.36,0.025,19.734,2014-01-18 22:40:14
201259,Koelpin PLC,QN-82852,Belt,3,64.13,192.39,0.025,4.80975,2014-08-07 15:28:03
758133,"Kihn, McClure and Denesik",GS-86623,Shoes,14,40.86,572.04,0.025,14.301,2014-08-21 08:07:56
676847,Hamill-Hackett,LW-86841,Shoes,1,73.74,73.74,0.025,1.8435,2014-09-04 10:46:25
305803,"Davis, Kshlerin and Reilly",VG-32047,Shirt,6,26.4,158.4,0.025,3.96,2014-09-04 09:18:54
850140,Kunze Inc,MJ-21460,Shoes,19,36.32,690.08,0.025,17.252,2014-08-10 20:15:29
676847,Hamill-Hackett,LL-46261,Shoes,17,10.96,186.32,0.025,4.658,2014-01-19 22:01:00
115138,Gorczany-Hahn,FK-71853,Shirt,17,88.39,1502.63,0.025,37.56575,2014-07-31 12:28:26
98022,Heidenreich-Bosco,VG-32047,Shirt,20,94,1880,0.03,56.4,2014-05-31 22:53:56
555594,"Ernser, Cruickshank and Lind",LW-86841,Shoes,4,34.42,137.68,0.03,4.1304,2014-10-10 18:54:24
299771,"Kuphal, Zieme and Kub",GS-86623,Shoes,14,68.25,955.5,0.03,28.665,2014-03-16 21:35:20
299771,"Kuphal, Zieme and Kub",LW-86841,Shoes,5,89.36,446.8,0.03,13.404,2014-06-08 14:33:12
758133,"Kihn, McClure and Denesik",KV-99194,Shirt,3,44.37,133.11,0.03,3.9933,2014-04-23 12:05:25
850140,Kunze Inc,VG-32047,Shirt,11,69.2,761.2,0.03,22.836,2014-03-14 03:16:51
555594,"Ernser, Cruickshank and Lind",QN-82852,Belt,12,92.94,1115.28,0.03,33.4584,2014-10-10 18:02:37
995267,Cole-Eichmann,VG-32047,Shirt,4,54.2,216.8,0.03,6.504,2014-08-28 06:28:19
676847,Hamill-Hackett,QN-82852,Belt,3,42.71,128.13,0.03,3.8439,2014-06-09 12:21:47
929400,"Senger, Upton and Breitenberg",KV-99194,Shirt,4,81.46,325.84,0.03,9.7752,2013-10-25 16:52:01
98022,Heidenreich-Bosco,MJ-21460,Shoes,9,22.08,198.72,0.03,5.9616,2014-01-21 05:08:12
305803,"Davis, Kshlerin and Reilly",AS-93055,Shirt,8,98.01,784.08,0.03,23.5224,2014-04-11 08:23:07
750461,"Volkman, Goyette and Lemke",WJ-02096,Belt,13,83.6,1086.8,0.03,32.604,2014-08-19 20:42:22
98022,Heidenreich-Bosco,MJ-21460,Shoes,1,82.28,82.28,0.03,2.4684,2014-10-05 08:28:30
676847,Hamill-Hackett,AS-93055,Shirt,16,44.38,710.08,0.03,21.3024,2014-09-16 05:22:44
93356,Waters-Walker,MJ-21460,Shoes,5,54.96,274.8,0.075,20.61,2013-11-18 19:41:31
299771,"Kuphal, Zieme and Kub",VG-32047,Shirt,7,97.85,684.95,0.075,51.37125,2014-03-02 21:47:35
929400,"Senger, Upton and Breitenberg",QN-82852,Belt,11,12.27,134.97,0.075,10.12275,2014-01-15 07:26:27
563905,"Kerluke, Reilly and Bechtelar",LL-46261,Shoes,8,83.88,671.04,0.075,50.328,2014-07-03 13:24:21
929400,"Senger, Upton and Breitenberg",QN-82852,Belt,2,31.18,62.36,0.075,4.677,2014-09-21 03:36:32
524021,Hegmann and Sons,WJ-02096,Belt,13,15.28,198.64,0.075,14.898,2014-07-26 14:07:00
711951,Kilback-Gerlach,QN-82852,Belt,14,40.48,566.72,0.075,42.504,2014-07-10 06:12:22
563905,"Kerluke, Reilly and Bechtelar",LW-86841,Shoes,5,38.73,193.65,0.075,14.52375,2014-04-26 11:51:54
201259,Koelpin PLC,GS-86623,Shoes,5,23.38,116.9,0.075,8.7675,2014-07-26 09:33:15
711951,Kilback-Gerlach,LL-46261,Shoes,1,54.04,54.04,0.075,4.053,2014-06-09 20:05:03
734922,Berge LLC,WJ-02096,Belt,17,25.26,429.42,0.075,32.2065,2014-06-16 10:03:35
850140,Kunze Inc,GS-86623,Shoes,3,46,138,0.075,10.35,2013-10-25 11:42:04
676847,Hamill-Hackett,GS-86623,Shoes,8,34.76,278.08,0.075,20.856,2013-11-19 02:20:09
734922,Berge LLC,VG-32047,Shirt,1,93.1,93.1,0.075,6.9825,2013-12-25 10:00:14
555594,"Ernser, Cruickshank and Lind",KV-99194,Shirt,10,23.43,234.3,0.075,17.5725,2014-08-20 16:25:05
305803,"Davis, Kshlerin and Reilly",WJ-02096,Belt,7,41.77,292.39,0.075,21.92925,2014-10-21 05:51:47
676847,Hamill-Hackett,QN-82852,Belt,11,53.13,584.43,0.07,40.9101,2014-09-24 02:05:24
711951,Kilback-Gerlach,LW-86841,Shoes,9,90.02,810.18,0.07,56.7126,2014-08-22 13:18:26
676847,Hamill-Hackett,KV-99194,Shirt,14,37.64,526.96,0.07,36.8872,2014-02-15 06:51:00
299771,"Kuphal, Zieme and Kub",KV-99194,Shirt,18,50.99,917.82,0.015,13.7673,2014-02-20 05:55:31
296809,Carroll PLC,VG-32047,Shirt,9,67.68,609.12,0.015,9.1368,2014-05-22 05:51:16
299771,"Kuphal, Zieme and Kub",AS-93055,Shirt,18,19.01,342.18,0.015,5.1327,2013-11-14 11:33:02
659366,Waelchi-Fahey,MJ-21460,Shoes,15,19.62,294.3,0.015,4.4145,2013-11-24 23:33:56
659366,Waelchi-Fahey,WJ-02096,Belt,14,75.49,1056.86,0.015,15.8529,2014-02-18 02:07:31
305803,"Davis, Kshlerin and Reilly",WJ-02096,Belt,1,69.57,69.57,0.015,1.04355,2013-12-21 16:04:44
115138,Gorczany-Hahn,WJ-02096,Belt,6,95.08,570.48,0.015,8.5572,2014-02-01 01:28:20
305803,"Davis, Kshlerin and Reilly",GS-86623,Shoes,17,20.45,347.65,0.015,5.21475,2014-08-30 03:56:20
305803,"Davis, Kshlerin and Reilly",QN-82852,Belt,4,85.3,341.2,0.015,5.118,2014-10-17 13:18:21
304860,Huel-Haag,VG-32047,Shirt,16,63.97,1023.52,0.015,15.3528,2014-02-06 19:14:35
299771,"Kuphal, Zieme and Kub",GS-86623,Shoes,1,93.72,93.72,0.015,1.4058,2014-09-30 09:16:18
758133,"Kihn, McClure and Denesik",AS-93055,Shirt,12,64.09,769.08,0.015,11.5362,2014-04-22 14:36:05
93356,Waters-Walker,LW-86841,Shoes,16,16.59,265.44,0.015,3.9816,2014-09-07 02:26:24
115138,Gorczany-Hahn,WJ-02096,Belt,3,52.57,157.71,0.015,2.36565,2014-08-15 13:23:42
929400,"Senger, Upton and Breitenberg",VG-32047,Shirt,1,34.4,34.4,0.015,0.516,2014-05-19 20:50:19
93356,Waters-Walker,VG-32047,Shirt,13,45.97,597.61,0.015,8.96415,2014-07-05 08:56:46
296809,Carroll PLC,LL-46261,Shoes,10,37.4,374,0.015,5.61,2014-05-05 05:17:28
750461,"Volkman, Goyette and Lemke",LW-86841,Shoes,14,15.58,218.12,0.015,3.2718,2013-12-23 21:32:05
995267,Cole-Eichmann,AS-93055,Shirt,11,45.24,497.64,0.07,34.8348,2014-08-06 01:25:27
734922,Berge LLC,GS-86623,Shoes,9,30.49,274.41,0.07,19.2087,2014-03-02 13:04:07
758133,"Kihn, McClure and Denesik",KV-99194,Shirt,18,90.84,1635.12,0.07,114.4584,2014-02-01 21:38:06
659366,Waelchi-Fahey,GS-86623,Shoes,1,38.2,38.2,0.07,2.674,2013-11-23 15:45:41
850140,Kunze Inc,QN-82852,Belt,8,72.29,578.32,0.075,43.374,2014-02-15 21:05:44
850140,Kunze Inc,MJ-21460,Shoes,20,61.03,1220.6,0.075,91.545,2013-12-23 23:07:45
299771,"Kuphal, Zieme and Kub",KV-99194,Shirt,18,77.66,1397.88,0.075,104.841,2014-10-18 18:07:37
929400,"Senger, Upton and Breitenberg",VG-32047,Shirt,10,16.01,160.1,0.07,11.207,2014-05-07 20:02:28
676847,Hamill-Hackett,LW-86841,Shoes,9,61.42,552.78,0.07,38.6946,2014-10-16 12:50:55
304860,Huel-Haag,VG-32047,Shirt,17,64.75,1100.75,0.07,77.0525,2014-09-13 02:51:49
296809,Carroll PLC,KV-99194,Shirt,16,50.36,805.76,0.015,12.0864,2014-01-03 07:56:48
305803,"Davis, Kshlerin and Reilly",VG-32047,Shirt,4,64.91,259.64,0.015,3.8946,2014-02-20 20:48:46
758133,"Kihn, McClure and Denesik",KV-99194,Shirt,16,65,1040,0.015,15.6,2014-05-14 17:57:45
305803,"Davis, Kshlerin and Reilly",GS-86623,Shoes,6,57.28,343.68,0.015,5.1552,2014-04-09 15:32:28
676847,Hamill-Hackett,VG-32047,Shirt,3,71.55,214.65,0.015,3.21975,2014-02-16 04:42:01
995267,Cole-Eichmann,VG-32047,Shirt,4,37.74,150.96,0.015,2.2644,2014-03-21 08:21:18
201259,Koelpin PLC,QN-82852,Belt,12,41.57,498.84,0.015,7.4826,2014-05-22 08:56:14
659366,Waelchi-Fahey,QN-82852,Belt,13,59.59,774.67,0.015,11.62005,2013-12-04 04:11:33
524021,Hegmann and Sons,FK-71853,Shirt,20,62.71,1254.2,0.015,18.813,2014-03-06 22:55:08
115138,Gorczany-Hahn,GS-86623,Shoes,16,37.88,606.08,0.015,9.0912,2013-12-05 07:33:43
750461,"Volkman, Goyette and Lemke",LW-86841,Shoes,20,83.1,1662,0.015,24.93,2014-09-14 18:26:11
555594,"Ernser, Cruickshank and Lind",WJ-02096,Belt,10,11.81,118.1,0.015,1.7715,2014-03-13 00:31:33
929400,"Senger, Upton and Breitenberg",MJ-21460,Shoes,20,59.1,1182,0.011,13.002,2014-10-02 05:30:08
563905,"Kerluke, Reilly and Bechtelar",QN-82852,Belt,8,60.7,485.6,0.011,5.3416,2014-04-01 13:03:54
659366,Waelchi-Fahey,WJ-02096,Belt,1,42.83,42.83,0.011,0.47113,2013-11-05 05:06:14
734922,Berge LLC,QN-82852,Belt,17,76.13,1294.21,0.003,3.88263,2013-11-25 14:33:27
201259,Koelpin PLC,FK-71853,Shirt,4,41.09,164.36,0.011,1.80796,2014-08-24 20:22:11
659366,Waelchi-Fahey,GS-86623,Shoes,12,32.84,394.08,0.011,4.33488,2014-09-13 15:23:40
296809,Carroll PLC,VG-32047,Shirt,5,10.81,54.05,0.011,0.59455,2014-08-28 00:56:58
115138,Gorczany-Hahn,LL-46261,Shoes,1,26.19,26.19,0.011,0.28809,2014-01-10 05:09:07
115138,Gorczany-Hahn,LL-46261,Shoes,12,48.63,583.56,0.003,1.75068,2014-09-17 06:25:26
305803,"Davis, Kshlerin and Reilly",LL-46261,Shoes,5,51.82,259.1,0.011,2.8501,2014-01-08 02:36:38
750461,"Volkman, Goyette and Lemke",LW-86841,Shoes,7,53.36,373.52,0.011,4.10872,2014-06-02 19:58:55
711951,Kilback-Gerlach,KV-99194,Shirt,5,56.33,281.65,0.011,3.09815,2014-09-06 01:57:32
304860,Huel-Haag,AS-93055,Shirt,11,79.58,875.38,0.003,2.62614,2013-11-21 04:46:33
734922,Berge LLC,FK-71853,Shirt,7,58.95,412.65,0.011,4.53915,2014-03-14 04:16:55
850140,Kunze Inc,MJ-21460,Shoes,9,78.44,705.96,0.011,7.76556,2013-12-18 17:23:54
995267,Cole-Eichmann,WJ-02096,Belt,15,54.77,821.55,0.011,9.03705,2013-11-14 11:15:21
98022,Heidenreich-Bosco,GS-86623,Shoes,15,73.45,1101.75,0.003,3.30525,2014-01-03 12:09:44
929400,"Senger, Upton and Breitenberg",LL-46261,Shoes,14,21.01,294.14,0.011,3.23554,2014-01-01 00:15:37
524021,Hegmann and Sons,FK-71853,Shirt,15,45.99,689.85,0.011,7.58835,2014-01-21 14:40:49
524021,Hegmann and Sons,LW-86841,Shoes,11,89.8,987.8,0.011,10.8658,2014-03-14 06:17:28
734922,Berge LLC,FK-71853,Shirt,4,63.74,254.96,0.075,19.122,2014-08-31 19:57:31
296809,Carroll PLC,KV-99194,Shirt,9,36.35,327.15,0.075,24.53625,2014-01-17 22:03:57
299771,"Kuphal, Zieme and Kub",MJ-21460,Shoes,13,55.99,727.87,0.075,54.59025,2013-12-27 08:36:12
296809,Carroll PLC,FK-71853,Shirt,4,12.28,49.12,0.075,3.684,2014-04-03 06:43:35
659366,Waelchi-Fahey,WJ-02096,Belt,10,64.42,644.2,0.075,48.315,2014-09-05 03:46:20
563905,"Kerluke, Reilly and Bechtelar",LL-46261,Shoes,5,29.87,149.35,0.07,10.4545,2014-08-02 00:25:56
305803,"Davis, Kshlerin and Reilly",GS-86623,Shoes,13,66.85,869.05,0.07,60.8335,2013-11-19 07:26:52
299771,"Kuphal, Zieme and Kub",LL-46261,Shoes,5,13.07,65.35,0.07,4.5745,2014-08-30 04:09:41
563905,"Kerluke, Reilly and Bechtelar",QN-82852,Belt,5,56.63,283.15,0.015,4.24725,2014-10-13 02:27:35
750461,"Volkman, Goyette and Lemke",FK-71853,Shirt,19,89.14,1693.66,0.015,25.4049,2013-11-14 18:25:50
524021,Hegmann and Sons,LW-86841,Shoes,5,67.31,336.55,0.015,5.04825,2013-12-16 09:59:38
555594,"Ernser, Cruickshank and Lind",KV-99194,Shirt,17,11.24,191.08,0.015,2.8662,2014-04-25 15:37:03
524021,Hegmann and Sons,AS-93055,Shirt,10,73.82,738.2,0.015,11.073,2014-10-22 04:43:23
850140,Kunze Inc,QN-82852,Belt,15,11.74,176.1,0.015,2.6415,2014-01-09 04:36:36
524021,Hegmann and Sons,LL-46261,Shoes,5,83.98,419.9,0.015,6.2985,2014-05-24 20:18:52
555594,"Ernser, Cruickshank and Lind",KV-99194,Shirt,6,63.4,380.4,0.015,5.706,2013-12-09 19:01:44
758133,"Kihn, McClure and Denesik",VG-32047,Shirt,15,80.59,1208.85,0.015,18.13275,2014-10-05 18:13:24
758133,"Kihn, McClure and Denesik",AS-93055,Shirt,19,31.41,596.79,0.015,8.95185,2014-05-09 11:00:05
296809,Carroll PLC,WJ-02096,Belt,9,61.39,552.51,0.015,8.28765,2014-07-15 13:04:50
750461,"Volkman, Goyette and Lemke",LL-46261,Shoes,15,96,1440,0.015,21.6,2014-10-21 15:04:18
929400,"Senger, Upton and Breitenberg",WJ-02096,Belt,12,94.51,1134.12,0.015,17.0118,2014-07-26 07:44:53
305803,"Davis, Kshlerin and Reilly",KV-99194,Shirt,15,18.07,271.05,0.015,4.06575,2014-05-24 05:33:35
659366,Waelchi-Fahey,MJ-21460,Shoes,13,74.07,962.91,0.015,14.44365,2014-01-13 12:18:04
995267,Cole-Eichmann,FK-71853,Shirt,16,88.32,1413.12,0.015,21.1968,2014-06-17 22:27:38
929400,"Senger, Upton and Breitenberg",WJ-02096,Belt,4,77.19,308.76,0.015,4.6314,2014-04-03 19:08:57
98022,Heidenreich-Bosco,GS-86623,Shoes,18,58.56,1054.08,0.015,15.8112,2014-08-25 17:52:34
305803,"Davis, Kshlerin and Reilly",MJ-21460,Shoes,12,81.42,977.04,0.07,68.3928,2014-07-09 13:58:55
850140,Kunze Inc,AS-93055,Shirt,3,68.9,206.7,0.07,14.469,2014-09-13 01:40:40
995267,Cole-Eichmann,QN-82852,Belt,19,39.75,755.25,0.07,52.8675,2014-05-23 15:58:55
93356,Waters-Walker,KV-99194,Shirt,11,83.22,915.42,0.07,64.0794,2014-01-03 19:04:02
750461,"Volkman, Goyette and Lemke",QN-82852,Belt,19,17.25,327.75,0.075,24.58125,2014-02-08 14:06:56
659366,Waelchi-Fahey,QN-82852,Belt,7,41.7,291.9,0.075,21.8925,2014-01-14 22:56:55
524021,Hegmann and Sons,MJ-21460,Shoes,20,44.56,891.2,0.075,66.84,2014-02-11 11:05:35
201259,Koelpin PLC,WJ-02096,Belt,4,15.24,60.96,0.07,4.2672,2014-09-12 06:29:42
115138,Gorczany-Hahn,KV-99194,Shirt,1,66.03,66.03,0.07,4.6221,2014-03-06 19:04:47
995267,Cole-Eichmann,LL-46261,Shoes,8,95.99,767.92,0.07,53.7544,2014-02-28 06:46:39
711951,Kilback-Gerlach,WJ-02096,Belt,18,18.29,329.22,0.015,4.9383,2014-05-28 10:39:07
929400,"Senger, Upton and Breitenberg",WJ-02096,Belt,1,50.58,50.58,0.015,0.7587,2014-01-10 01:35:58
995267,Cole-Eichmann,WJ-02096,Belt,6,47.21,283.26,0.015,4.2489,2014-01-27 15:50:35
750461,"Volkman, Goyette and Lemke",VG-32047,Shirt,3,82.06,246.18,0.015,3.6927,2014-03-14 17:54:57
563905,"Kerluke, Reilly and Bechtelar",LW-86841,Shoes,18,36.32,653.76,0.015,9.8064,2014-03-25 15:08:27
850140,Kunze Inc,QN-82852,Belt,10,45.33,453.3,0.015,6.7995,2013-10-23 00:45:16
296809,Carroll PLC,VG-32047,Shirt,18,30.34,546.12,0.015,8.1918,2014-06-21 11:50:51
995267,Cole-Eichmann,WJ-02096,Belt,14,23.57,329.98,0.015,4.9497,2014-04-11 23:10:59
929400,"Senger, Upton and Breitenberg",GS-86623,Shoes,14,16.78,234.92,0.015,3.5238,2014-04-15 00:55:47
929400,"Senger, Upton and Breitenberg",VG-32047,Shirt,4,92.05,368.2,0.015,5.523,2013-11-20 17:39:53
563905,"Kerluke, Reilly and Bechtelar",MJ-21460,Shoes,6,25.35,152.1,0.015,2.2815,2014-02-21 00:43:26
850140,Kunze Inc,VG-32047,Shirt,13,28.29,367.77,0.015,5.51655,2014-05-14 11:34:59
750461,"Volkman, Goyette and Lemke",LL-46261,Shoes,6,70.64,423.84,0.011,4.66224,2014-04-13 10:46:26
304860,Huel-Haag,KV-99194,Shirt,7,32.91,230.37,0.011,2.53407,2014-03-21 02:07:18
201259,Koelpin PLC,WJ-02096,Belt,10,31.82,318.2,0.011,3.5002,2014-05-10 12:48:18
676847,Hamill-Hackett,FK-71853,Shirt,12,74.47,893.64,0.003,2.68092,2014-03-22 00:45:00
676847,Hamill-Hackett,LW-86841,Shoes,6,72.92,437.52,0.011,4.81272,2014-04-30 13:50:54
995267,Cole-Eichmann,AS-93055,Shirt,14,70.03,980.42,0.011,10.78462,2013-12-31 09:37:47
93356,Waters-Walker,KV-99194,Shirt,19,47.53,903.07,0.011,9.93377,2014-03-10 16:34:16
929400,"Senger, Upton and Breitenberg",AS-93055,Shirt,5,82.05,410.25,0.011,4.51275,2013-12-03 12:28:55
711951,Kilback-Gerlach,LW-86841,Shoes,16,99.65,1594.4,0.003,4.7832,2014-10-06 23:33:32
734922,Berge LLC,FK-71853,Shirt,17,49.12,835.04,0.011,9.18544,2014-02-24 20:49:28
676847,Hamill-Hackett,LL-46261,Shoes,6,52.06,312.36,0.011,3.43596,2014-02-04 19:46:55
305803,"Davis, Kshlerin and Reilly",KV-99194,Shirt,13,71.7,932.1,0.011,10.2531,2014-07-08 01:00:22
305803,"Davis, Kshlerin and Reilly",MJ-21460,Shoes,3,37.34,112.02,0.003,0.33606,2013-11-12 01:13:29
304860,Huel-Haag,WJ-02096,Belt,20,58.52,1170.4,0.011,12.8744,2013-11-21 18:37:52
299771,"Kuphal, Zieme and Kub",LL-46261,Shoes,16,18.08,289.28,0.011,3.18208,2013-12-12 00:31:40
98022,Heidenreich-Bosco,GS-86623,Shoes,6,81.7,490.2,0.011,5.3922,2014-10-04 16:06:25
929400,"Senger, Upton and Breitenberg",FK-71853,Shirt,13,89.53,1163.89,0.003,3.49167,2014-08-11 16:47:07
299771,"Kuphal, Zieme and Kub",AS-93055,Shirt,7,24.63,172.41,0.011,1.89651,2014-01-28 18:58:01
305803,"Davis, Kshlerin and Reilly",GS-86623,Shoes,10,73.08,730.8,0.011,8.0388,2013-10-29 17:00:22
929400,"Senger, Upton and Breitenberg",WJ-02096,Belt,12,52.24,626.88,0.011,6.89568,2014-02-22 00:09:48
524021,Hegmann and Sons,QN-82852,Belt,4,84.72,338.88,0.075,25.416,2013-10-22 13:54:50
299771,"Kuphal, Zieme and Kub",VG-32047,Shirt,13,37.56,488.28,0.075,36.621,2013-11-10 06:24:28
929400,"Senger, Upton and Breitenberg",AS-93055,Shirt,18,22.98,413.64,0.075,31.023,2014-06-02 14:24:05
995267,Cole-Eichmann,MJ-21460,Shoes,2,79.87,159.74,0.075,11.9805,2014-08-15 04:36:37
93356,Waters-Walker,KV-99194,Shirt,7,59.5,416.5,0.07,29.155,2014-04-29 12:04:58
659366,Waelchi-Fahey,WJ-02096,Belt,14,67.01,938.14,0.07,65.6698,2013-12-13 15:04:13
201259,Koelpin PLC,MJ-21460,Shoes,5,61.76,308.8,0.07,21.616,2013-10-30 04:16:24
750461,"Volkman, Goyette and Lemke",MJ-21460,Shoes,7,33.16,232.12,0.015,3.4818,2014-08-25 05:45:04
299771,"Kuphal, Zieme and Kub",GS-86623,Shoes,1,77.22,77.22,0.015,1.1583,2014-01-21 12:40:40
296809,Carroll PLC,WJ-02096,Belt,8,55.69,445.52,0.015,6.6828,2014-01-02 21:35:10
304860,Huel-Haag,AS-93055,Shirt,13,72.75,945.75,0.015,14.18625,2013-11-02 06:09:13
304860,Huel-Haag,GS-86623,Shoes,20,71.91,1438.2,0.015,21.573,2014-02-14 02:11:56
758133,"Kihn, McClure and Denesik",KV-99194,Shirt,2,58.02,116.04,0.015,1.7406,2014-05-28 00:51:31
296809,Carroll PLC,AS-93055,Shirt,19,78.72,1495.68,0.015,22.4352,2014-08-01 13:54:15
850140,Kunze Inc,FK-71853,Shirt,8,44.56,356.48,0.015,5.3472,2014-10-01 13:21:06
711951,Kilback-Gerlach,LW-86841,Shoes,19,92.34,1754.46,0.015,26.3169,2014-05-13 03:41:20
758133,"Kihn, McClure and Denesik",GS-86623,Shoes,12,19.81,237.72,0.015,3.5658,2014-10-12 12:33:27
563905,"Kerluke, Reilly and Bechtelar",QN-82852,Belt,2,29.15,58.3,0.015,0.8745,2013-12-29 06:05:11
758133,"Kihn, McClure and Denesik",VG-32047,Shirt,8,71.71,573.68,0.015,8.6052,2014-06-15 23:49:22
93356,Waters-Walker,GS-86623,Shoes,13,52.61,683.93,0.015,10.25895,2014-01-31 10:14:51
711951,Kilback-Gerlach,MJ-21460,Shoes,4,90.75,363,0.015,5.445,2013-10-27 22:03:05
659366,Waelchi-Fahey,MJ-21460,Shoes,3,50.33,150.99,0.015,2.26485,2014-02-25 05:11:55
98022,Heidenreich-Bosco,VG-32047,Shirt,6,96.02,576.12,0.015,8.6418,2013-12-25 18:02:41
201259,Koelpin PLC,KV-99194,Shirt,14,66.37,929.18,0.015,13.9377,2013-11-05 13:34:42
676847,Hamill-Hackett,LL-46261,Shoes,3,59.85,179.55,0.015,2.69325,2013-10-26 04:33:08
524021,Hegmann and Sons,FK-71853,Shirt,2,66.63,133.26,0.07,9.3282,2013-12-07 04:15:11
734922,Berge LLC,AS-93055,Shirt,8,94.37,754.96,0.07,52.8472,2013-12-31 01:14:11
734922,Berge LLC,MJ-21460,Shoes,2,37.1,74.2,0.07,5.194,2014-10-04 18:30:12
659366,Waelchi-Fahey,QN-82852,Belt,1,78.95,78.95,0.07,5.5265,2014-09-01 04:34:57
659366,Waelchi-Fahey,FK-71853,Shirt,7,76.57,535.99,0.075,40.19925,2014-09-01 21:04:49
201259,Koelpin PLC,AS-93055,Shirt,10,43.97,439.7,0.075,32.9775,2014-10-03 17:04:10
676847,Hamill-Hackett,VG-32047,Shirt,6,59,354,0.075,26.55,2014-08-26 02:03:17
850140,Kunze Inc,GS-86623,Shoes,4,17.63,70.52,0.07,4.9364,2013-11-06 15:35:14
555594,"Ernser, Cruickshank and Lind",AS-93055,Shirt,12,40.03,480.36,0.07,33.6252,2014-09-18 02:54:50
115138,Gorczany-Hahn,VG-32047,Shirt,1,61.73,61.73,0.07,4.3211,2013-12-19 05:37:56
563905,"Kerluke, Reilly and Bechtelar",VG-32047,Shirt,9,38.76,348.84,0.07,24.4188,2013-11-18 18:59:05
750461,"Volkman, Goyette and Lemke",AS-93055,Shirt,15,35.73,535.95,0.07,37.5165,2014-07-29 13:03:54
299771,"Kuphal, Zieme and Kub",KV-99194,Shirt,7,80.19,561.33,0.07,39.2931,2014-05-22 07:55:43
929400,"Senger, Upton and Breitenberg",LL-46261,Shoes,14,12.35,172.9,0.07,12.103,2014-02-28 10:45:43
98022,Heidenreich-Bosco,QN-82852,Belt,20,38.39,767.8,0.07,53.746,2013-11-18 22:22:57
734922,Berge LLC,QN-82852,Belt,11,60.05,660.55,0.07,46.2385,2014-09-28 12:19:39
758133,"Kihn, McClure and Denesik",LW-86841,Shoes,15,17.57,263.55,0.07,18.4485,2014-03-09 21:17:26
659366,Waelchi-Fahey,GS-86623,Shoes,9,43.69,393.21,0.015,5.89815,2014-03-12 02:19:35
676847,Hamill-Hackett,GS-86623,Shoes,18,69.13,1244.34,0.015,18.6651,2014-02-11 23:45:29
304860,Huel-Haag,QN-82852,Belt,3,94.18,282.54,0.015,4.2381,2014-09-09 20:05:35
524021,Hegmann and Sons,VG-32047,Shirt,17,80.42,1367.14,0.015,20.5071,2014-05-13 03:46:45
850140,Kunze Inc,AS-93055,Shirt,13,31.53,409.89,0.015,6.14835,2014-06-12 12:09:39
750461,"Volkman, Goyette and Lemke",FK-71853,Shirt,6,18.33,109.98,0.015,1.6497,2014-01-16 01:38:16
850140,Kunze Inc,KV-99194,Shirt,1,73.79,73.79,0.015,1.10685,2013-11-07 19:52:06
296809,Carroll PLC,LW-86841,Shoes,3,10.67,32.01,0.015,0.48015,2014-05-30 21:32:51
93356,Waters-Walker,GS-86623,Shoes,19,53.33,1013.27,0.015,15.19905,2014-05-31 08:48:28
296809,Carroll PLC,AS-93055,Shirt,18,55.23,994.14,0.015,14.9121,2013-12-02 17:42:51
296809,Carroll PLC,WJ-02096,Belt,7,77.91,545.37,0.015,8.18055,2014-10-17 14:13:45
995267,Cole-Eichmann,VG-32047,Shirt,20,28.81,576.2,0.015,8.643,2014-03-19 16:59:03
299771,"Kuphal, Zieme and Kub",VG-32047,Shirt,16,31.86,509.76,0.015,7.6464,2014-09-04 05:27:45
296809,Carroll PLC,GS-86623,Shoes,8,28.32,226.56,0.015,3.3984,2014-10-01 04:15:37
659366,Waelchi-Fahey,GS-86623,Shoes,2,88.57,177.14,0.015,2.6571,2014-06-16 02:35:22
524021,Hegmann and Sons,VG-32047,Shirt,11,52.58,578.38,0.015,8.6757,2014-01-22 08:06:36
201259,Koelpin PLC,WJ-02096,Belt,14,20.87,292.18,0.015,4.3827,2014-02-09 05:27:27
758133,"Kihn, McClure and Denesik",AS-93055,Shirt,7,54.95,384.65,0.015,5.76975,2013-12-31 04:32:30
734922,Berge LLC,AS-93055,Shirt,11,36.86,405.46,0.07,28.3822,2014-01-01 08:13:10
995267,Cole-Eichmann,KV-99194,Shirt,5,52.07,260.35,0.07,18.2245,2014-09-17 06:06:34
750461,"Volkman, Goyette and Lemke",AS-93055,Shirt,19,71.71,1362.49,0.07,95.3743,2013-12-29 04:27:13
750461,"Volkman, Goyette and Lemke",KV-99194,Shirt,3,71.09,213.27,0.07,14.9289,2013-11-16 02:18:39
555594,"Ernser, Cruickshank and Lind",KV-99194,Shirt,7,60.04,420.28,0.07,29.4196,2013-12-14 15:26:14
711951,Kilback-Gerlach,KV-99194,Shirt,5,55.82,279.1,0.07,19.537,2014-05-24 05:01:20
734922,Berge LLC,KV-99194,Shirt,16,24.13,386.08,0.07,27.0256,2013-12-20 01:56:23
93356,Waters-Walker,WJ-02096,Belt,20,62.39,1247.8,0.03,37.434,2014-04-19 16:00:54
201259,Koelpin PLC,FK-71853,Shirt,2,83.01,166.02,0.03,4.9806,2014-01-05 22:32:10
555594,"Ernser, Cruickshank and Lind",GS-86623,Shoes,2,58.61,117.22,0.03,3.5166,2014-04-25 18:15:52
524021,Hegmann and Sons,LW-86841,Shoes,15,98.54,1478.1,0.03,44.343,2014-09-04 06:01:32
659366,Waelchi-Fahey,WJ-02096,Belt,15,20.03,300.45,0.03,9.0135,2014-09-06 09:47:38
93356,Waters-Walker,VG-32047,Shirt,17,71.32,1212.44,0.03,36.3732,2014-09-16 10:45:19
711951,Kilback-Gerlach,VG-32047,Shirt,10,55.04,550.4,0.03,16.512,2014-08-19 17:39:10
93356,Waters-Walker,QN-82852,Belt,19,95.37,1812.03,0.03,54.3609,2014-05-20 09:39:21
750461,"Volkman, Goyette and Lemke",LW-86841,Shoes,16,19.83,317.28,0.03,9.5184,2014-09-03 12:10:24
995267,Cole-Eichmann,WJ-02096,Belt,5,50.88,254.4,0.03,7.632,2014-02-15 03:16:45
929400,"Senger, Upton and Breitenberg",MJ-21460,Shoes,17,36.81,625.77,0.03,18.7731,2013-12-05 23:10:45
524021,Hegmann and Sons,VG-32047,Shirt,4,42.78,171.12,0.03,5.1336,2014-03-07 04:28:42
995267,Cole-Eichmann,VG-32047,Shirt,6,87.35,524.1,0.03,15.723,2013-12-12 21:41:39
299771,"Kuphal, Zieme and Kub",QN-82852,Belt,10,59.42,594.2,0.03,17.826,2014-06-11 12:10:16
750461,"Volkman, Goyette and Lemke",LL-46261,Shoes,3,30.8,92.4,0.03,2.772,2014-01-29 11:47:43
734922,Berge LLC,MJ-21460,Shoes,14,74.75,1046.5,0.03,31.395,2014-02-06 23:35:03
201259,Koelpin PLC,LW-86841,Shoes,12,73.7,884.4,0.03,26.532,2014-03-12 01:27:20
563905,"Kerluke, Reilly and Bechtelar",LW-86841,Shoes,10,36.3,363,0.03,10.89,2014-04-14 22:51:06
93356,Waters-Walker,GS-86623,Shoes,10,75.72,757.2,0.03,22.716,2014-01-31 09:09:36
758133,"Kihn, McClure and Denesik",AS-93055,Shirt,14,73.07,1022.98,0.03,30.6894,2013-11-29 18:17:10
201259,Koelpin PLC,VG-32047,Shirt,19,76.09,1445.71,0.03,43.3713,2014-08-04 04:24:32
93356,Waters-Walker,VG-32047,Shirt,13,45.42,590.46,0.03,17.7138,2013-12-29 21:47:14
201259,Koelpin PLC,WJ-02096,Belt,10,65.97,659.7,0.03,19.791,2014-03-19 04:16:23
201259,Koelpin PLC,WJ-02096,Belt,2,20.06,40.12,0.03,1.2036,2014-05-31 02:07:45
296809,Carroll PLC,GS-86623,Shoes,3,62.25,186.75,0.03,5.6025,2014-03-26 00:33:22
659366,Waelchi-Fahey,KV-99194,Shirt,6,86.2,517.2,0.03,15.516,2013-11-14 19:38:21
758133,"Kihn, McClure and Denesik",GS-86623,Shoes,14,23.97,335.58,0.03,10.0674,2013-12-01 12:17:58
115138,Gorczany-Hahn,QN-82852,Belt,10,10.06,100.6,0.03,3.018,2014-03-08 10:50:44
299771,"Kuphal, Zieme and Kub",GS-86623,Shoes,7,34.71,242.97,0.03,7.2891,2014-04-29 04:10:38
929400,"Senger, Upton and Breitenberg",AS-93055,Shirt,14,31.36,439.04,0.03,13.1712,2014-01-12 16:01:32
555594,"Ernser, Cruickshank and Lind",LW-86841,Shoes,1,96.74,96.74,0.03,2.9022,2014-04-30 16:25:44
524021,Hegmann and Sons,QN-82852,Belt,1,93.93,93.93,0.03,2.8179,2014-03-18 14:44:49
676847,Hamill-Hackett,AS-93055,Shirt,9,58.32,524.88,0.03,15.7464,2013-12-16 15:10:41
296809,Carroll PLC,LL-46261,Shoes,8,58.48,467.84,0.03,14.0352,2014-05-31 00:30:56
758133,"Kihn, McClure and Denesik",WJ-02096,Belt,6,68.7,412.2,0.03,12.366,2013-12-07 08:40:13
758133,"Kihn, McClure and Denesik",LW-86841,Shoes,4,65.73,262.92,0.03,7.8876,2014-06-04 13:29:57
555594,"Ernser, Cruickshank and Lind",VG-32047,Shirt,8,60.4,483.2,0.03,14.496,2013-12-26 04:26:05
93356,Waters-Walker,KV-99194,Shirt,20,49.97,999.4,0.03,29.982,2014-04-28 20:35:33
711951,Kilback-Gerlach,KV-99194,Shirt,19,38.38,729.22,0.03,21.8766,2014-05-25 09:18:43
734922,Berge LLC,LW-86841,Shoes,11,72.2,794.2,0.03,23.826,2013-11-13 21:15:53
659366,Waelchi-Fahey,KV-99194,Shirt,13,32.24,419.12,0.03,12.5736,2013-12-22 05:25:56
750461,"Volkman, Goyette and Lemke",LL-46261,Shoes,8,95.39,763.12,0.03,22.8936,2014-01-12 00:59:09
659366,Waelchi-Fahey,WJ-02096,Belt,5,73.03,365.15,0.03,10.9545,2014-01-23 12:48:34
296809,Carroll PLC,VG-32047,Shirt,11,33.31,366.41,0.03,10.9923,2014-07-29 15:09:19
929400,"Senger, Upton and Breitenberg",QN-82852,Belt,3,65.52,196.56,0.03,5.8968,2014-04-02 22:23:07
304860,Huel-Haag,GS-86623,Shoes,5,45.24,226.2,0.03,6.786,2013-12-12 03:58:09
304860,Huel-Haag,FK-71853,Shirt,20,81.79,1635.8,0.03,49.074,2014-09-23 04:52:44
524021,Hegmann and Sons,AS-93055,Shirt,7,91.68,641.76,0.03,19.2528,2013-11-10 14:15:25
299771,"Kuphal, Zieme and Kub",GS-86623,Shoes,16,68.37,1093.92,0.03,32.8176,2014-01-25 17:14:26
296809,Carroll PLC,GS-86623,Shoes,20,66.43,1328.6,0.03,39.858,2013-12-30 09:47:58
929400,"Senger, Upton and Breitenberg",FK-71853,Shirt,3,97.08,291.24,0.03,8.7372,2014-01-28 10:18:57
659366,Waelchi-Fahey,LW-86841,Shoes,11,99.58,1095.38,0.03,32.8614,2014-08-16 12:51:50
850140,Kunze Inc,FK-71853,Shirt,6,63.84,383.04,0.025,9.576,2014-01-06 17:32:46
758133,"Kihn, McClure and Denesik",FK-71853,Shirt,11,75.07,825.77,0.025,20.64425,2014-06-23 22:07:37
734922,Berge LLC,FK-71853,Shirt,6,17.54,105.24,0.025,2.631,2014-08-19 04:51:46
115138,Gorczany-Hahn,KV-99194,Shirt,19,71.61,1360.59,0.025,34.01475,2014-06-11 12:52:36
995267,Cole-Eichmann,QN-82852,Belt,17,92.49,1572.33,0.025,39.30825,2013-12-30 08:52:54
995267,Cole-Eichmann,LW-86841,Shoes,1,40.04,40.04,0.025,1.001,2014-05-04 08:13:07
758133,"Kihn, McClure and Denesik",KV-99194,Shirt,6,92.02,552.12,0.025,13.803,2014-06-20 23:33:17
93356,Waters-Walker,KV-99194,Shirt,12,66.41,796.92,0.025,19.923,2014-04-02 00:13:13
995267,Cole-Eichmann,GS-86623,Shoes,13,53.32,693.16,0.025,17.329,2013-11-09 01:35:47
299771,"Kuphal, Zieme and Kub",LL-46261,Shoes,7,48.69,340.83,0.025,8.52075,2014-07-29 18:34:42
734922,Berge LLC,WJ-02096,Belt,18,75.81,1364.58,0.025,34.1145,2013-12-08 08:54:42
995267,Cole-Eichmann,MJ-21460,Shoes,4,89.88,359.52,0.025,8.988,2014-06-28 09:15:38
524021,Hegmann and Sons,LW-86841,Shoes,10,73.73,737.3,0.025,18.4325,2014-10-08 20:26:26
296809,Carroll PLC,AS-93055,Shirt,19,67.1,1274.9,0.025,31.8725,2014-06-20 16:14:34
659366,Waelchi-Fahey,WJ-02096,Belt,17,62.47,1061.99,0.03,31.8597,2014-06-16 14:44:12
758133,"Kihn, McClure and Denesik",QN-82852,Belt,12,29.83,357.96,0.03,10.7388,2014-01-27 07:20:04
758133,"Kihn, McClure and Denesik",QN-82852,Belt,18,24.57,442.26,0.03,13.2678,2014-04-03 13:47:21
299771,"Kuphal, Zieme and Kub",KV-99194,Shirt,1,27.41,27.41,0.03,0.8223,2014-08-10 21:23:09
98022,Heidenreich-Bosco,GS-86623,Shoes,9,92.9,836.1,0.03,25.083,2014-05-16 07:08:48
93356,Waters-Walker,AS-93055,Shirt,9,95.16,856.44,0.03,25.6932,2013-12-03 07:38:11
929400,"Senger, Upton and Breitenberg",FK-71853,Shirt,7,77.52,542.64,0.03,16.2792,2014-08-26 18:28:56
711951,Kilback-Gerlach,MJ-21460,Shoes,14,40.64,568.96,0.03,17.0688,2014-10-21 15:55:43
995267,Cole-Eichmann,GS-86623,Shoes,5,54.09,270.45,0.03,8.1135,2014-10-19 21:08:59
115138,Gorczany-Hahn,FK-71853,Shirt,17,62.6,1064.2,0.03,31.926,2013-12-15 18:40:06
758133,"Kihn, McClure and Denesik",WJ-02096,Belt,18,93.91,1690.38,0.03,50.7114,2014-08-11 18:42:50
711951,Kilback-Gerlach,LW-86841,Shoes,11,29.2,321.2,0.03,9.636,2013-12-26 04:44:50
304860,Huel-Haag,AS-93055,Shirt,9,23.99,215.91,0.03,6.4773,2014-08-04 09:20:38
929400,"Senger, Upton and Breitenberg",LW-86841,Shoes,16,92.41,1478.56,0.03,44.3568,2014-05-25 15:09:33
555594,"Ernser, Cruickshank and Lind",LW-86841,Shoes,2,17.89,35.78,0.03,1.0734,2014-08-30 15:52:20
676847,Hamill-Hackett,LL-46261,Shoes,19,47.71,906.49,0.075,67.98675,2013-12-16 00:12:31
850140,Kunze Inc,WJ-02096,Belt,9,76.78,691.02,0.075,51.8265,2013-12-29 01:08:35
750461,"Volkman, Goyette and Lemke",GS-86623,Shoes,18,76.54,1377.72,0.075,103.329,2014-01-21 02:04:48
304860,Huel-Haag,AS-93055,Shirt,5,63.59,317.95,0.075,23.84625,2014-02-08 20:17:34
995267,Cole-Eichmann,LL-46261,Shoes,20,53.25,1065,0.075,79.875,2013-12-10 12:10:01
201259,Koelpin PLC,LL-46261,Shoes,7,91.2,638.4,0.075,47.88,2014-02-28 18:14:54
296809,Carroll PLC,LW-86841,Shoes,8,95.17,761.36,0.075,57.102,2014-07-18 09:26:00
524021,Hegmann and Sons,WJ-02096,Belt,11,54.79,602.69,0.075,45.20175,2014-05-20 14:10:47
201259,Koelpin PLC,LL-46261,Shoes,3,62.68,188.04,0.075,14.103,2014-01-14 23:34:45
676847,Hamill-Hackett,GS-86623,Shoes,10,72.15,721.5,0.075,54.1125,2014-04-07 09:45:23
305803,"Davis, Kshlerin and Reilly",VG-32047,Shirt,1,78.93,78.93,0.075,5.91975,2014-02-24 00:46:07
563905,"Kerluke, Reilly and Bechtelar",LL-46261,Shoes,20,37.75,755,0.075,56.625,2013-12-24 08:34:32
563905,"Kerluke, Reilly and Bechtelar",LL-46261,Shoes,6,41.95,251.7,0.075,18.8775,2013-12-09 23:19:11
676847,Hamill-Hackett,LW-86841,Shoes,11,91.04,1001.44,0.075,75.108,2014-05-30 04:37:34
201259,Koelpin PLC,MJ-21460,Shoes,18,29.75,535.5,0.075,40.1625,2014-10-10 12:44:46
929400,"Senger, Upton and Breitenberg",LW-86841,Shoes,4,46.09,184.36,0.075,13.827,2014-07-23 09:02:37
929400,"Senger, Upton and Breitenberg",KV-99194,Shirt,17,94.19,1601.23,0.07,112.0861,2014-01-17 12:05:59
524021,Hegmann and Sons,AS-93055,Shirt,9,76.23,686.07,0.07,48.0249,2014-03-22 11:25:47
296809,Carroll PLC,LL-46261,Shoes,12,39.49,473.88,0.011,5.21268,2014-05-22 17:50:01
734922,Berge LLC,KV-99194,Shirt,6,88.31,529.86,0.003,1.58958,2013-12-23 16:08:03
734922,Berge LLC,VG-32047,Shirt,11,58.29,641.19,0.011,7.05309,2014-04-23 09:49:39
850140,Kunze Inc,KV-99194,Shirt,17,80.5,1368.5,0.011,15.0535,2014-08-21 15:51:34
659366,Waelchi-Fahey,VG-32047,Shirt,4,40.8,163.2,0.011,1.7952,2014-04-26 23:38:33
524021,Hegmann and Sons,AS-93055,Shirt,7,73.69,515.83,0.011,5.67413,2014-09-11 02:00:52
750461,"Volkman, Goyette and Lemke",FK-71853,Shirt,3,63.58,190.74,0.003,0.57222,2014-04-20 20:45:20
563905,"Kerluke, Reilly and Bechtelar",FK-71853,Shirt,1,65.61,65.61,0.011,0.72171,2013-10-30 09:34:40
758133,"Kihn, McClure and Denesik",GS-86623,Shoes,13,72.07,936.91,0.011,10.30601,2014-02-22 13:36:56
524021,Hegmann and Sons,MJ-21460,Shoes,14,36.6,512.4,0.011,5.6364,2014-07-01 22:27:00
555594,"Ernser, Cruickshank and Lind",VG-32047,Shirt,14,38.93,545.02,0.003,1.63506,2013-12-23 14:57:03
734922,Berge LLC,FK-71853,Shirt,7,51.72,362.04,0.011,3.98244,2013-12-07 09:43:31
304860,Huel-Haag,FK-71853,Shirt,14,51.11,715.54,0.011,7.87094,2013-12-18 06:44:56
555594,"Ernser, Cruickshank and Lind",LW-86841,Shoes,4,93.9,375.6,0.011,4.1316,2013-11-16 08:42:24
995267,Cole-Eichmann,LW-86841,Shoes,15,17.68,265.2,0.003,0.7956,2013-11-04 20:12:32
850140,Kunze Inc,FK-71853,Shirt,11,85.24,937.64,0.011,10.31404,2014-07-15 19:12:33
995267,Cole-Eichmann,QN-82852,Belt,2,53.38,106.76,0.011,1.17436,2014-09-12 09:29:52
750461,"Volkman, Goyette and Lemke",FK-71853,Shirt,12,39.64,475.68,0.011,5.23248,2014-10-15 01:53:52
563905,"Kerluke, Reilly and Bechtelar",LW-86841,Shoes,6,83.6,501.6,0.075,37.62,2013-11-27 21:04:11
304860,Huel-Haag,FK-71853,Shirt,8,74.64,597.12,0.075,44.784,2014-03-06 03:36:31
299771,"Kuphal, Zieme and Kub",AS-93055,Shirt,18,13.67,246.06,0.075,18.4545,2014-05-11 20:21:19
850140,Kunze Inc,LL-46261,Shoes,11,72.69,799.59,0.075,59.96925,2013-10-23 15:54:16
750461,"Volkman, Goyette and Lemke",WJ-02096,Belt,7,23.04,161.28,0.075,12.096,2014-09-01 01:15:01
676847,Hamill-Hackett,AS-93055,Shirt,3,50.86,152.58,0.07,10.6806,2014-10-04 23:43:05
676847,Hamill-Hackett,MJ-21460,Shoes,6,17.46,104.76,0.07,7.3332,2014-05-22 06:36:25
93356,Waters-Walker,QN-82852,Belt,11,44.93,494.23,0.07,34.5961,2014-06-19 04:21:18
850140,Kunze Inc,LW-86841,Shoes,18,44.87,807.66,0.015,12.1149,2014-07-12 18:59:33
750461,"Volkman, Goyette and Lemke",WJ-02096,Belt,6,54.49,326.94,0.015,4.9041,2014-04-14 11:01:03
995267,Cole-Eichmann,VG-32047,Shirt,9,41.58,374.22,0.015,5.6133,2014-06-21 21:58:56
850140,Kunze Inc,LL-46261,Shoes,8,80.6,644.8,0.015,9.672,2013-12-05 20:18:00
524021,Hegmann and Sons,MJ-21460,Shoes,19,67.55,1283.45,0.015,19.25175,2014-06-21 20:12:03
305803,"Davis, Kshlerin and Reilly",WJ-02096,Belt,5,16.32,81.6,0.015,1.224,2013-11-17 08:52:44
299771,"Kuphal, Zieme and Kub",VG-32047,Shirt,15,21.39,320.85,0.015,4.81275,2013-12-07 12:59:30
995267,Cole-Eichmann,QN-82852,Belt,19,99.9,1898.1,0.015,28.4715,2014-04-23 22:30:58
758133,"Kihn, McClure and Denesik",AS-93055,Shirt,7,48.05,336.35,0.015,5.04525,2014-02-04 09:34:00
758133,"Kihn, McClure and Denesik",QN-82852,Belt,18,94.04,1692.72,0.015,25.3908,2014-07-25 18:30:19
555594,"Ernser, Cruickshank and Lind",AS-93055,Shirt,15,94,1410,0.015,21.15,2014-07-22 11:45:36
201259,Koelpin PLC,GS-86623,Shoes,5,26.55,132.75,0.015,1.99125,2013-11-22 05:59:05
563905,"Kerluke, Reilly and Bechtelar",VG-32047,Shirt,5,64.85,324.25,0.015,4.86375,2014-05-13 16:03:58
734922,Berge LLC,QN-82852,Belt,5,16.73,83.65,0.015,1.25475,2014-03-01 13:41:40
555594,"Ernser, Cruickshank and Lind",LL-46261,Shoes,7,46.6,326.2,0.015,4.893,2014-09-06 15:20:19
98022,Heidenreich-Bosco,QN-82852,Belt,6,48.13,288.78,0.015,4.3317,2013-11-04 03:41:41
296809,Carroll PLC,FK-71853,Shirt,3,55.6,166.8,0.015,2.502,2013-11-27 18:35:28
296809,Carroll PLC,LL-46261,Shoes,19,78.56,1492.64,0.015,22.3896,2014-07-19 20:45:37
201259,Koelpin PLC,QN-82852,Belt,5,25.46,127.3,0.07,8.911,2013-10-23 07:39:47
563905,"Kerluke, Reilly and Bechtelar",WJ-02096,Belt,9,43.28,389.52,0.07,27.2664,2014-08-24 22:30:54
563905,"Kerluke, Reilly and Bechtelar",VG-32047,Shirt,15,41.15,617.25,0.07,43.2075,2014-02-12 05:07:04
750461,"Volkman, Goyette and Lemke",FK-71853,Shirt,19,39.29,746.51,0.07,52.2557,2014-03-21 14:27:33
758133,"Kihn, McClure and Denesik",QN-82852,Belt,9,46.44,417.96,0.075,31.347,2014-07-02 06:59:14
659366,Waelchi-Fahey,QN-82852,Belt,1,95.03,95.03,0.075,7.12725,2014-03-31 10:31:43
98022,Heidenreich-Bosco,FK-71853,Shirt,16,82.77,1324.32,0.075,99.324,2014-07-21 08:11:22
676847,Hamill-Hackett,LL-46261,Shoes,6,72.06,432.36,0.07,30.2652,2014-08-10 14:34:54
659366,Waelchi-Fahey,MJ-21460,Shoes,5,43.64,218.2,0.07,15.274,2014-01-30 19:04:33
299771,"Kuphal, Zieme and Kub",LW-86841,Shoes,2,76.42,152.84,0.07,10.6988,2014-09-09 14:28:18
659366,Waelchi-Fahey,VG-32047,Shirt,11,25.74,283.14,0.015,4.2471,2014-02-06 22:09:58
929400,"Senger, Upton and Breitenberg",WJ-02096,Belt,2,40.68,81.36,0.015,1.2204,2014-06-20 03:39:40
659366,Waelchi-Fahey,WJ-02096,Belt,4,12.66,50.64,0.015,0.7596,2014-06-01 03:07:50
929400,"Senger, Upton and Breitenberg",VG-32047,Shirt,3,21.25,63.75,0.011,0.70125,2014-03-08 05:49:21
758133,"Kihn, McClure and Denesik",FK-71853,Shirt,16,96.47,1543.52,0.003,4.63056,2014-03-17 15:44:50
750461,"Volkman, Goyette and Lemke",GS-86623,Shoes,9,34.83,313.47,0.011,3.44817,2014-01-28 15:52:04
524021,Hegmann and Sons,KV-99194,Shirt,1,24.9,24.9,0.011,0.2739,2014-07-05 14:02:45
929400,"Senger, Upton and Breitenberg",KV-99194,Shirt,11,19.26,211.86,0.011,2.33046,2013-12-01 21:23:11
555594,"Ernser, Cruickshank and Lind",VG-32047,Shirt,7,84.46,591.22,0.011,6.50342,2013-11-15 23:56:38
850140,Kunze Inc,LW-86841,Shoes,14,62.03,868.42,0.003,2.60526,2014-03-29 03:29:59
299771,"Kuphal, Zieme and Kub",KV-99194,Shirt,3,79,237,0.011,2.607,2013-11-26 08:15:06
711951,Kilback-Gerlach,KV-99194,Shirt,12,31.44,377.28,0.011,4.15008,2013-12-15 21:44:27
524021,Hegmann and Sons,WJ-02096,Belt,2,73.96,147.92,0.011,1.62712,2013-12-08 04:33:54
115138,Gorczany-Hahn,QN-82852,Belt,18,18.41,331.38,0.003,0.99414,2014-05-07 04:59:51
555594,"Ernser, Cruickshank and Lind",QN-82852,Belt,18,39.11,703.98,0.011,7.74378,2014-01-19 06:06:01
115138,Gorczany-Hahn,FK-71853,Shirt,5,94.62,473.1,0.011,5.2041,2014-02-14 22:33:04
929400,"Senger, Upton and Breitenberg",WJ-02096,Belt,7,50.85,355.95,0.011,3.91545,2014-07-25 14:33:33
115138,Gorczany-Hahn,AS-93055,Shirt,7,45.14,315.98,0.003,0.94794,2014-04-13 09:02:34
296809,Carroll PLC,FK-71853,Shirt,6,15.69,94.14,0.011,1.03554,2014-05-09 02:08:03
98022,Heidenreich-Bosco,QN-82852,Belt,10,76.76,767.6,0.011,8.4436,2013-12-08 18:53:38
850140,Kunze Inc,LW-86841,Shoes,20,53.03,1060.6,0.011,11.6666,2014-08-20 20:57:38
304860,Huel-Haag,GS-86623,Shoes,2,78.64,157.28,0.075,11.796,2014-04-24 06:13:24
93356,Waters-Walker,QN-82852,Belt,19,72.11,1370.09,0.075,102.75675,2014-02-22 07:22:10
563905,"Kerluke, Reilly and Bechtelar",GS-86623,Shoes,16,33.21,531.36,0.075,39.852,2014-09-05 17:43:19
850140,Kunze Inc,AS-93055,Shirt,8,59.23,473.84,0.075,35.538,2014-04-15 02:11:56
93356,Waters-Walker,LL-46261,Shoes,13,81.45,1058.85,0.075,79.41375,2013-11-02 14:31:09
115138,Gorczany-Hahn,AS-93055,Shirt,3,61.04,183.12,0.07,12.8184,2014-05-26 22:06:38
850140,Kunze Inc,AS-93055,Shirt,2,39.31,78.62,0.07,5.5034,2014-03-05 15:04:43
524021,Hegmann and Sons,FK-71853,Shirt,7,60.29,422.03,0.07,29.5421,2014-08-15 15:41:54
299771,"Kuphal, Zieme and Kub",MJ-21460,Shoes,14,46.43,650.02,0.015,9.7503,2014-05-17 10:02:32
750461,"Volkman, Goyette and Lemke",WJ-02096,Belt,15,15.12,226.8,0.015,3.402,2014-03-16 15:37:39
296809,Carroll PLC,LL-46261,Shoes,8,51.47,411.76,0.015,6.1764,2014-01-09 11:37:20
734922,Berge LLC,MJ-21460,Shoes,15,91.88,1378.2,0.015,20.673,2013-12-10 12:02:09
296809,Carroll PLC,VG-32047,Shirt,16,82.36,1317.76,0.015,19.7664,2014-03-24 12:29:30
98022,Heidenreich-Bosco,LL-46261,Shoes,8,84.24,673.92,0.015,10.1088,2014-04-18 19:19:35
659366,Waelchi-Fahey,GS-86623,Shoes,10,88.36,883.6,0.015,13.254,2014-08-24 23:09:27
676847,Hamill-Hackett,LW-86841,Shoes,10,47.2,472,0.015,7.08,2014-05-05 18:51:45
929400,"Senger, Upton and Breitenberg",WJ-02096,Belt,20,51.16,1023.2,0.015,15.348,2013-10-31 15:48:14
304860,Huel-Haag,KV-99194,Shirt,3,55.75,167.25,0.015,2.50875,2013-11-22 04:34:56
201259,Koelpin PLC,MJ-21460,Shoes,13,81.58,1060.54,0.015,15.9081,2014-02-10 01:33:21
758133,"Kihn, McClure and Denesik",VG-32047,Shirt,1,13.47,13.47,0.015,0.20205,2014-08-07 04:18:29
676847,Hamill-Hackett,VG-32047,Shirt,11,23.33,256.63,0.015,3.84945,2013-12-29 02:31:41
98022,Heidenreich-Bosco,WJ-02096,Belt,12,84.23,1010.76,0.015,15.1614,2014-01-28 00:34:31
659366,Waelchi-Fahey,LL-46261,Shoes,17,98.86,1680.62,0.015,25.2093,2014-05-10 02:37:09
850140,Kunze Inc,KV-99194,Shirt,5,12.07,60.35,0.015,0.90525,2013-10-24 08:39:48
676847,Hamill-Hackett,AS-93055,Shirt,8,87.5,700,0.015,10.5,2014-01-26 12:58:22
659366,Waelchi-Fahey,VG-32047,Shirt,8,63.37,506.96,0.015,7.6044,2014-05-02 01:13:09
524021,Hegmann and Sons,FK-71853,Shirt,9,87.07,783.63,0.07,54.8541,2014-09-10 21:37:02
98022,Heidenreich-Bosco,KV-99194,Shirt,2,88.57,177.14,0.07,12.3998,2013-12-31 08:53:19
299771,"Kuphal, Zieme and Kub",MJ-21460,Shoes,1,16.29,16.29,0.07,1.1403,2014-04-25 04:33:22
201259,Koelpin PLC,GS-86623,Shoes,8,55.16,441.28,0.07,30.8896,2014-08-14 03:02:46
995267,Cole-Eichmann,MJ-21460,Shoes,20,25.66,513.2,0.075,38.49,2014-03-24 03:39:51
98022,Heidenreich-Bosco,LL-46261,Shoes,13,19.69,255.97,0.075,19.19775,2014-01-28 23:58:09
305803,"Davis, Kshlerin and Reilly",MJ-21460,Shoes,3,71.28,213.84,0.075,16.038,2014-08-07 10:01:03
524021,Hegmann and Sons,QN-82852,Belt,6,57.14,342.84,0.07,23.9988,2014-08-24 06:07:33
659366,Waelchi-Fahey,MJ-21460,Shoes,3,97.92,293.76,0.07,20.5632,2014-08-03 14:44:21
555594,"Ernser, Cruickshank and Lind",VG-32047,Shirt,9,60.94,548.46,0.07,38.3922,2014-09-14 01:36:31
93356,Waters-Walker,LL-46261,Shoes,6,51.18,307.08,0.015,4.6062,2014-07-31 17:50:40
659366,Waelchi-Fahey,FK-71853,Shirt,18,62.58,1126.44,0.015,16.8966,2014-03-31 08:44:34
750461,"Volkman, Goyette and Lemke",FK-71853,Shirt,13,77.42,1006.46,0.07,70.4522,2014-07-16 00:38:04
93356,Waters-Walker,LL-46261,Shoes,11,36.49,401.39,0.07,28.0973,2013-12-26 18:47:55
305803,"Davis, Kshlerin and Reilly",KV-99194,Shirt,17,57.5,977.5,0.07,68.425,2014-02-25 14:46:40
296809,Carroll PLC,WJ-02096,Belt,17,76.08,1293.36,0.07,90.5352,2013-11-14 23:35:37
659366,Waelchi-Fahey,FK-71853,Shirt,14,11.91,166.74,0.07,11.6718,2014-03-09 23:23:06
850140,Kunze Inc,LW-86841,Shoes,17,82.86,1408.62,0.015,21.1293,2014-10-02 16:34:54
929400,"Senger, Upton and Breitenberg",QN-82852,Belt,16,51.93,830.88,0.015,12.4632,2014-01-17 08:36:29
299771,"Kuphal, Zieme and Kub",LL-46261,Shoes,17,96.71,1644.07,0.015,24.66105,2014-09-04 18:21:15
115138,Gorczany-Hahn,QN-82852,Belt,15,25.75,386.25,0.015,5.79375,2013-11-30 12:14:42
850140,Kunze Inc,AS-93055,Shirt,6,38.77,232.62,0.015,3.4893,2014-06-19 22:24:10
304860,Huel-Haag,LW-86841,Shoes,6,52.93,317.58,0.015,4.7637,2013-12-03 02:57:43
711951,Kilback-Gerlach,MJ-21460,Shoes,17,97.99,1665.83,0.015,24.98745,2014-01-15 22:54:28
659366,Waelchi-Fahey,QN-82852,Belt,10,36.72,367.2,0.015,5.508,2014-06-18 14:02:05
734922,Berge LLC,MJ-21460,Shoes,9,84.43,759.87,0.015,11.39805,2014-06-23 09:12:45
750461,"Volkman, Goyette and Lemke",GS-86623,Shoes,11,68.13,749.43,0.015,11.24145,2014-05-09 09:32:44
299771,"Kuphal, Zieme and Kub",VG-32047,Shirt,6,92.62,555.72,0.015,8.3358,2014-06-19 12:30:22
995267,Cole-Eichmann,KV-99194,Shirt,8,51.86,414.88,0.015,6.2232,2013-11-23 02:03:48
750461,"Volkman, Goyette and Lemke",AS-93055,Shirt,19,52.45,996.55,0.015,14.94825,2014-08-08 03:00:19
304860,Huel-Haag,KV-99194,Shirt,19,32.23,612.37,0.015,9.18555,2014-10-02 01:11:44
563905,"Kerluke, Reilly and Bechtelar",QN-82852,Belt,4,61.06,244.24,0.015,3.6636,2014-05-09 03:27:55
711951,Kilback-Gerlach,AS-93055,Shirt,11,44.56,490.16,0.015,7.3524,2014-02-23 05:35:58
115138,Gorczany-Hahn,WJ-02096,Belt,1,58.03,58.03,0.015,0.87045,2013-12-11 14:01:46
758133,"Kihn, McClure and Denesik",QN-82852,Belt,11,39.89,438.79,0.015,6.58185,2014-05-18 15:53:12
524021,Hegmann and Sons,MJ-21460,Shoes,18,51.46,926.28,0.07,64.8396,2014-07-08 18:37:36
676847,Hamill-Hackett,AS-93055,Shirt,12,92.28,1107.36,0.07,77.5152,2014-04-28 21:34:27
115138,Gorczany-Hahn,FK-71853,Shirt,20,32.53,650.6,0.07,45.542,2014-10-22 10:04:21
304860,Huel-Haag,VG-32047,Shirt,6,67.49,404.94,0.07,28.3458,2014-09-17 12:35:31
296809,Carroll PLC,VG-32047,Shirt,11,14.92,164.12,0.07,11.4884,2014-01-14 05:53:11
299771,"Kuphal, Zieme and Kub",MJ-21460,Shoes,3,16.5,49.5,0.07,3.465,2014-08-09 14:56:26
734922,Berge LLC,WJ-02096,Belt,20,25.09,501.8,0.07,35.126,2014-02-15 00:17:15
711951,Kilback-Gerlach,KV-99194,Shirt,20,72.86,1457.2,0.03,43.716,2013-12-27 03:41:18
304860,Huel-Haag,WJ-02096,Belt,4,60.95,243.8,0.03,7.314,2014-01-20 10:14:17
676847,Hamill-Hackett,QN-82852,Belt,12,47.05,564.6,0.03,16.938,2013-10-24 07:27:44
850140,Kunze Inc,VG-32047,Shirt,20,36,720,0.03,21.6,2013-11-19 04:49:59
555594,"Ernser, Cruickshank and Lind",LW-86841,Shoes,3,25.52,76.56,0.03,2.2968,2013-12-15 23:23:29
98022,Heidenreich-Bosco,QN-82852,Belt,3,43.89,131.67,0.03,3.9501,2014-02-06 22:02:39
98022,Heidenreich-Bosco,LL-46261,Shoes,6,55.68,334.08,0.03,10.0224,2014-02-25 02:43:31
734922,Berge LLC,KV-99194,Shirt,13,21.76,282.88,0.03,8.4864,2014-09-16 19:43:28
659366,Waelchi-Fahey,VG-32047,Shirt,14,85.44,1196.16,0.03,35.8848,2014-06-04 14:34:07
711951,Kilback-Gerlach,AS-93055,Shirt,20,88.71,1774.2,0.03,53.226,2014-08-14 19:08:27
929400,"Senger, Upton and Breitenberg",LW-86841,Shoes,1,32.44,32.44,0.03,0.9732,2014-06-21 04:34:22
758133,"Kihn, McClure and Denesik",FK-71853,Shirt,12,40.53,486.36,0.03,14.5908,2014-03-06 03:01:26
711951,Kilback-Gerlach,LL-46261,Shoes,8,41.95,335.6,0.03,10.068,2014-05-18 00:50:58
98022,Heidenreich-Bosco,KV-99194,Shirt,3,41.04,123.12,0.03,3.6936,2014-10-09 15:27:45
750461,"Volkman, Goyette and Lemke",AS-93055,Shirt,4,65.64,262.56,0.03,7.8768,2014-02-15 17:07:56
734922,Berge LLC,FK-71853,Shirt,4,59,236,0.03,7.08,2014-08-15 07:13:09
296809,Carroll PLC,GS-86623,Shoes,19,20.01,380.19,0.03,11.4057,2013-11-20 14:26:00
711951,Kilback-Gerlach,LL-46261,Shoes,18,37.06,667.08,0.03,20.0124,2014-07-09 17:04:57
929400,"Senger, Upton and Breitenberg",QN-82852,Belt,8,13.41,107.28,0.03,3.2184,2013-12-21 04:32:13
115138,Gorczany-Hahn,AS-93055,Shirt,19,36.84,699.96,0.03,20.9988,2014-09-13 06:33:24
659366,Waelchi-Fahey,KV-99194,Shirt,18,13.47,242.46,0.03,7.2738,2014-03-25 04:34:58
299771,"Kuphal, Zieme and Kub",LW-86841,Shoes,11,87.09,957.99,0.03,28.7397,2013-10-22 16:08:40
201259,Koelpin PLC,QN-82852,Belt,19,18.85,358.15,0.03,10.7445,2014-07-02 12:21:25
850140,Kunze Inc,LW-86841,Shoes,7,56.99,398.93,0.03,11.9679,2014-06-25 22:06:27
115138,Gorczany-Hahn,AS-93055,Shirt,20,31.99,639.8,0.03,19.194,2014-09-15 19:14:27
304860,Huel-Haag,GS-86623,Shoes,14,27.24,381.36,0.03,11.4408,2014-03-14 04:16:47
758133,"Kihn, McClure and Denesik",LW-86841,Shoes,11,51.07,561.77,0.03,16.8531,2014-03-06 09:21:00
524021,Hegmann and Sons,GS-86623,Shoes,11,40.32,443.52,0.03,13.3056,2014-02-07 07:39:54
758133,"Kihn, McClure and Denesik",WJ-02096,Belt,19,62.8,1193.2,0.03,35.796,2014-08-27 15:48:09
115138,Gorczany-Hahn,LW-86841,Shoes,5,33.56,167.8,0.03,5.034,2014-09-20 07:43:39
299771,"Kuphal, Zieme and Kub",FK-71853,Shirt,17,60.22,1023.74,0.03,30.7122,2014-09-26 18:44:51
296809,Carroll PLC,GS-86623,Shoes,8,21.41,171.28,0.03,5.1384,2014-09-11 18:45:17
296809,Carroll PLC,KV-99194,Shirt,13,43.03,559.39,0.03,16.7817,2014-01-20 19:43:09
93356,Waters-Walker,LL-46261,Shoes,11,76.8,844.8,0.03,25.344,2014-02-23 18:36:40
850140,Kunze Inc,MJ-21460,Shoes,12,81.66,979.92,0.03,29.3976,2014-09-04 03:23:22
995267,Cole-Eichmann,FK-71853,Shirt,16,63.2,1011.2,0.03,30.336,2014-06-22 09:34:54
711951,Kilback-Gerlach,LW-86841,Shoes,1,95.18,95.18,0.03,2.8554,2013-11-16 10:27:30
201259,Koelpin PLC,VG-32047,Shirt,10,20.2,202,0.03,6.06,2014-10-02 18:38:33
305803,"Davis, Kshlerin and Reilly",LL-46261,Shoes,15,59.34,890.1,0.03,26.703,2013-12-04 02:43:20
296809,Carroll PLC,WJ-02096,Belt,16,91.77,1468.32,0.03,44.0496,2014-02-23 18:10:13
734922,Berge LLC,MJ-21460,Shoes,4,87.65,350.6,0.03,10.518,2014-04-26 20:59:35
711951,Kilback-Gerlach,LL-46261,Shoes,13,34.4,447.2,0.03,13.416,2014-04-27 02:17:28
734922,Berge LLC,LL-46261,Shoes,18,44.89,808.02,0.03,24.2406,2014-05-28 15:41:26
929400,"Senger, Upton and Breitenberg",LL-46261,Shoes,15,75,1125,0.03,33.75,2014-09-25 18:00:19
929400,"Senger, Upton and Breitenberg",MJ-21460,Shoes,8,19.05,152.4,0.03,4.572,2014-01-08 00:39:35
115138,Gorczany-Hahn,WJ-02096,Belt,5,13.31,66.55,0.03,1.9965,2014-06-02 11:41:36
304860,Huel-Haag,KV-99194,Shirt,5,58.12,290.6,0.03,8.718,2014-08-02 12:08:32
676847,Hamill-Hackett,LL-46261,Shoes,19,58.95,1120.05,0.03,33.6015,2014-03-12 06:27:02
758133,"Kihn, McClure and Denesik",GS-86623,Shoes,16,51.28,820.48,0.03,24.6144,2013-12-19 05:40:26
659366,Waelchi-Fahey,KV-99194,Shirt,2,35.44,70.88,0.03,2.1264,2013-10-25 14:47:00
555594,"Ernser, Cruickshank and Lind",KV-99194,Shirt,16,79.23,1267.68,0.03,38.0304,2014-09-20 09:36:03
524021,Hegmann and Sons,LW-86841,Shoes,2,19.42,38.84,0.03,1.1652,2014-08-23 03:19:29
93356,Waters-Walker,KV-99194,Shirt,9,70.81,637.29,0.025,15.93225,2014-01-30 11:06:55
555594,"Ernser, Cruickshank and Lind",WJ-02096,Belt,10,27.65,276.5,0.025,6.9125,2014-08-05 02:49:13
555594,"Ernser, Cruickshank and Lind",KV-99194,Shirt,18,53.57,964.26,0.025,24.1065,2013-11-09 07:53:05
98022,Heidenreich-Bosco,GS-86623,Shoes,19,87.08,1654.52,0.025,41.363,2014-09-20 22:36:07
304860,Huel-Haag,AS-93055,Shirt,3,88.25,264.75,0.025,6.61875,2013-11-22 02:08:50
115138,Gorczany-Hahn,MJ-21460,Shoes,16,74.73,1195.68,0.025,29.892,2014-10-08 07:30:19
758133,"Kihn, McClure and Denesik",VG-32047,Shirt,15,39.14,587.1,0.025,14.6775,2014-08-02 17:24:19
850140,Kunze Inc,LW-86841,Shoes,5,63.32,316.6,0.025,7.915,2014-02-13 19:42:05
305803,"Davis, Kshlerin and Reilly",LW-86841,Shoes,7,18.99,132.93,0.025,3.32325,2014-04-17 16:31:36
93356,Waters-Walker,FK-71853,Shirt,6,48.34,290.04,0.025,7.251,2014-10-07 11:12:45
93356,Waters-Walker,MJ-21460,Shoes,1,76.61,76.61,0.025,1.91525,2014-05-07 10:17:28
929400,"Senger, Upton and Breitenberg",MJ-21460,Shoes,11,10.12,111.32,0.025,2.783,2014-03-29 05:53:03
995267,Cole-Eichmann,AS-93055,Shirt,20,96.14,1922.8,0.025,48.07,2014-08-02 19:08:15
304860,Huel-Haag,MJ-21460,Shoes,10,69.19,691.9,0.025,17.2975,2014-01-07 14:36:19
563905,"Kerluke, Reilly and Bechtelar",VG-32047,Shirt,16,64.75,1036,0.03,31.08,2014-02-11 09:04:11
201259,Koelpin PLC,LW-86841,Shoes,1,62.87,62.87,0.03,1.8861,2014-01-01 22:40:22
299771,"Kuphal, Zieme and Kub",QN-82852,Belt,13,13.05,169.65,0.03,5.0895,2014-09-04 16:33:40
93356,Waters-Walker,KV-99194,Shirt,2,96.8,193.6,0.03,5.808,2014-07-13 09:44:29
98022,Heidenreich-Bosco,LL-46261,Shoes,6,23.04,138.24,0.03,4.1472,2014-03-02 03:45:46
850140,Kunze Inc,KV-99194,Shirt,8,35.98,287.84,0.03,8.6352,2014-05-20 14:38:17
115138,Gorczany-Hahn,AS-93055,Shirt,9,14.71,132.39,0.03,3.9717,2014-03-01 13:31:22
995267,Cole-Eichmann,GS-86623,Shoes,2,43.85,87.7,0.03,2.631,2014-06-09 21:31:11
563905,"Kerluke, Reilly and Bechtelar",LW-86841,Shoes,9,52.42,471.78,0.03,14.1534,2014-05-22 11:49:32
98022,Heidenreich-Bosco,QN-82852,Belt,15,20.07,301.05,0.03,9.0315,2014-06-27 12:15:09
659366,Waelchi-Fahey,QN-82852,Belt,17,56.27,956.59,0.03,28.6977,2014-02-09 14:52:49
98022,Heidenreich-Bosco,QN-82852,Belt,8,79.2,633.6,0.03,19.008,2014-06-07 18:59:21
555594,"Ernser, Cruickshank and Lind",MJ-21460,Shoes,7,97.93,685.51,0.03,20.5653,2014-04-05 00:29:44
524021,Hegmann and Sons,QN-82852,Belt,8,49.06,392.48,0.03,11.7744,2014-05-03 20:50:41
750461,"Volkman, Goyette and Lemke",GS-86623,Shoes,5,62.46,312.3,0.03,9.369,2014-05-13 14:52:47
305803,"Davis, Kshlerin and Reilly",FK-71853,Shirt,20,11.96,239.2,0.075,17.94,2014-09-04 18:27:56
201259,Koelpin PLC,KV-99194,Shirt,12,91.33,1095.96,0.075,82.197,2014-03-01 09:46:48
115138,Gorczany-Hahn,WJ-02096,Belt,3,93.5,280.5,0.075,21.0375,2014-08-25 21:36:41
98022,Heidenreich-Bosco,GS-86623,Shoes,19,26.88,510.72,0.075,38.304,2014-04-07 07:12:29
555594,"Ernser, Cruickshank and Lind",MJ-21460,Shoes,8,49.15,393.2,0.075,29.49,2014-10-12 21:49:47
98022,Heidenreich-Bosco,WJ-02096,Belt,7,52.04,364.28,0.075,27.321,2013-11-07 19:58:39
995267,Cole-Eichmann,KV-99194,Shirt,13,97.04,1261.52,0.075,94.614,2014-06-17 08:28:31
555594,"Ernser, Cruickshank and Lind",AS-93055,Shirt,6,29.88,179.28,0.075,13.446,2014-09-04 14:54:23
524021,Hegmann and Sons,KV-99194,Shirt,6,62.36,374.16,0.075,28.062,2014-01-07 03:14:00
524021,Hegmann and Sons,AS-93055,Shirt,15,88.44,1326.6,0.075,99.495,2014-10-15 01:54:05
711951,Kilback-Gerlach,KV-99194,Shirt,16,79.71,1275.36,0.075,95.652,2014-08-30 06:23:27
676847,Hamill-Hackett,LW-86841,Shoes,11,96.57,1062.27,0.075,79.67025,2014-01-09 13:36:39
296809,Carroll PLC,VG-32047,Shirt,12,79.85,958.2,0.075,71.865,2014-01-16 11:38:27
93356,Waters-Walker,AS-93055,Shirt,2,47.74,95.48,0.075,7.161,2014-03-22 02:00:16
995267,Cole-Eichmann,KV-99194,Shirt,18,97.33,1751.94,0.075,131.3955,2014-01-16 12:27:14
676847,Hamill-Hackett,FK-71853,Shirt,18,98.39,1771.02,0.075,132.8265,2014-01-06 08:14:31
995267,Cole-Eichmann,LL-46261,Shoes,2,94.06,188.12,0.07,13.1684,2013-12-16 21:29:38
929400,"Senger, Upton and Breitenberg",LL-46261,Shoes,11,19.17,210.87,0.07,14.7609,2013-10-26 13:17:07
305803,"Davis, Kshlerin and Reilly",GS-86623,Shoes,18,20.74,373.32,0.07,26.1324,2013-10-22 20:01:38
995267,Cole-Eichmann,AS-93055,Shirt,7,80.69,564.83,0.015,8.47245,2014-01-10 21:42:10
93356,Waters-Walker,AS-93055,Shirt,15,84.23,1263.45,0.015,18.95175,2014-07-18 04:09:08
524021,Hegmann and Sons,GS-86623,Shoes,9,39.14,352.26,0.015,5.2839,2013-11-17 23:11:28
929400,"Senger, Upton and Breitenberg",VG-32047,Shirt,10,67.36,673.6,0.015,10.104,2013-11-02 03:09:24
734922,Berge LLC,VG-32047,Shirt,14,93.45,1308.3,0.015,19.6245,2014-02-10 07:13:32
201259,Koelpin PLC,LL-46261,Shoes,8,62.68,501.44,0.015,7.5216,2013-11-10 16:34:17
555594,"Ernser, Cruickshank and Lind",QN-82852,Belt,13,86.33,1122.29,0.015,16.83435,2013-10-23 02:35:36
711951,Kilback-Gerlach,GS-86623,Shoes,1,25.23,25.23,0.015,0.37845,2014-02-15 18:56:38
555594,"Ernser, Cruickshank and Lind",KV-99194,Shirt,14,93.56,1309.84,0.015,19.6476,2014-10-21 14:14:21
296809,Carroll PLC,LW-86841,Shoes,19,22.36,424.84,0.015,6.3726,2014-07-08 00:03:47
711951,Kilback-Gerlach,LW-86841,Shoes,13,72.82,946.66,0.015,14.1999,2014-02-10 18:44:09
98022,Heidenreich-Bosco,AS-93055,Shirt,4,22.33,89.32,0.015,1.3398,2014-05-22 10:55:51
929400,"Senger, Upton and Breitenberg",MJ-21460,Shoes,5,41.67,208.35,0.015,3.12525,2013-12-04 08:24:01
296809,Carroll PLC,MJ-21460,Shoes,13,29.69,385.97,0.015,5.78955,2014-03-25 09:03:04
758133,"Kihn, McClure and Denesik",GS-86623,Shoes,20,20.83,416.6,0.015,6.249,2014-09-07 19:59:58
524021,Hegmann and Sons,LW-86841,Shoes,12,96.49,1157.88,0.015,17.3682,2014-08-24 02:46:41
758133,"Kihn, McClure and Denesik",WJ-02096,Belt,15,51.35,770.25,0.015,11.55375,2014-05-13 12:39:44
563905,"Kerluke, Reilly and Bechtelar",GS-86623,Shoes,16,90.96,1455.36,0.015,21.8304,2013-11-02 09:19:40
711951,Kilback-Gerlach,LW-86841,Shoes,12,22.81,273.72,0.07,19.1604,2014-09-17 02:46:57
93356,Waters-Walker,AS-93055,Shirt,19,28.76,546.44,0.07,38.2508,2013-12-19 19:43:07
98022,Heidenreich-Bosco,VG-32047,Shirt,2,35.71,71.42,0.07,4.9994,2014-07-03 03:16:33
296809,Carroll PLC,LL-46261,Shoes,9,32.75,294.75,0.07,20.6325,2014-02-08 10:48:21
758133,"Kihn, McClure and Denesik",LW-86841,Shoes,2,92.23,184.46,0.07,12.9122,2014-02-18 03:57:38
524021,Hegmann and Sons,MJ-21460,Shoes,12,18.24,218.88,0.07,15.3216,2014-05-01 16:46:03
305803,"Davis, Kshlerin and Reilly",AS-93055,Shirt,6,49.81,298.86,0.07,20.9202,2013-11-01 16:31:25
304860,Huel-Haag,QN-82852,Belt,2,22.38,44.76,0.015,0.6714,2014-01-23 23:47:01
929400,"Senger, Upton and Breitenberg",QN-82852,Belt,10,25.65,256.5,0.015,3.8475,2013-12-20 14:10:18
299771,"Kuphal, Zieme and Kub",QN-82852,Belt,12,37.5,450,0.015,6.75,2013-12-30 04:04:50
115138,Gorczany-Hahn,VG-32047,Shirt,20,72.35,1447,0.015,21.705,2014-08-11 19:02:14
758133,"Kihn, McClure and Denesik",LL-46261,Shoes,2,48.21,96.42,0.015,1.4463,2014-09-16 16:12:02
711951,Kilback-Gerlach,VG-32047,Shirt,1,91.96,91.96,0.015,1.3794,2013-10-23 15:08:31
929400,"Senger, Upton and Breitenberg",GS-86623,Shoes,7,62.27,435.89,0.015,6.53835,2013-12-30 01:55:14
93356,Waters-Walker,KV-99194,Shirt,20,99.74,1994.8,0.07,139.636,2014-04-18 15:39:12
98022,Heidenreich-Bosco,QN-82852,Belt,15,82.82,1242.3,0.07,86.961,2014-03-27 04:42:40
734922,Berge LLC,GS-86623,Shoes,8,85.04,680.32,0.07,47.6224,2014-02-26 14:43:51
995267,Cole-Eichmann,LW-86841,Shoes,10,73.24,732.4,0.07,51.268,2014-06-07 10:04:53
93356,Waters-Walker,AS-93055,Shirt,9,68.62,617.58,0.07,43.2306,2014-08-12 08:06:21
304860,Huel-Haag,QN-82852,Belt,1,57.33,57.33,0.07,4.0131,2014-08-27 11:27:28
850140,Kunze Inc,KV-99194,Shirt,9,27.16,244.44,0.07,17.1108,2014-02-08 06:22:34
659366,Waelchi-Fahey,LW-86841,Shoes,10,56.56,565.6,0.015,8.484,2014-10-01 11:38:04
296809,Carroll PLC,WJ-02096,Belt,20,14.37,287.4,0.015,4.311,2014-07-20 17:22:03
758133,"Kihn, McClure and Denesik",WJ-02096,Belt,11,60.5,665.5,0.015,9.9825,2014-08-03 10:39:51
850140,Kunze Inc,GS-86623,Shoes,16,19.66,314.56,0.015,4.7184,2014-05-03 21:18:15
93356,Waters-Walker,GS-86623,Shoes,13,90.95,1182.35,0.015,17.73525,2014-06-14 12:43:51
304860,Huel-Haag,LL-46261,Shoes,9,98.22,883.98,0.07,61.8786,2014-07-26 01:10:57
98022,Heidenreich-Bosco,LW-86841,Shoes,14,74.83,1047.62,0.07,73.3334,2014-06-27 05:58:33
